{
  "minecraft:husbandry/root": {
    "criteria": {
      "consumed_item": "2022-06-14 22:49:46 +0500"
    },
    "done": true
  },
  "minecraft:recipes/decorations/chest": {
    "criteria": {
      "has_lots_of_items": "2022-06-14 12:55:24 +0500"
    },
    "done": true
  },
  "minecraft:adventure/root": {
    "criteria": {
      "killed_something": "2022-06-15 15:07:58 +0500"
    },
    "done": true
  },
  "minecraft:adventure/adventuring_time": {
    "criteria": {
      "extreme_hills": "2022-06-14 12:03:58 +0500"
    },
    "done": false
  }
}