{
  "minecraft:husbandry/root": {
    "criteria": {
      "consumed_item": "2022-06-19 16:02:09 +0500"
    },
    "done": true
  },
  "minecraft:adventure/root": {
    "criteria": {
      "killed_by_something": "2022-06-15 15:07:58 +0500"
    },
    "done": true
  },
  "minecraft:recipes/decorations/chest": {
    "criteria": {
      "has_lots_of_items": "2022-06-15 15:40:50 +0500"
    },
    "done": true
  },
  "minecraft:adventure/adventuring_time": {
    "criteria": {
      "extreme_hills": "2022-06-15 14:44:36 +0500"
    },
    "done": false
  }
}