{
	"format_version": "1.12.0",
	"minecraft:geometry": [
		{
			"description": {
				"identifier": "geometry.unknown",
				"texture_width": 64,
				"texture_height": 64,
				"visible_bounds_width": 3,
				"visible_bounds_height": 3.5,
				"visible_bounds_offset": [0, 1.25, 0]
			},
			"bones": [
				{
					"name": "bone6",
					"pivot": [0, 0, 0]
				},
				{
					"name": "Body",
					"parent": "bone6",
					"pivot": [0, 20.99586, 0.5],
					"cubes": [
						{
							"origin": [-4.5, 21, -1.5],
							"size": [9, 10, 3.9],
							"uv": {
								"north": {"uv": [26, 22], "uv_size": [9, 3]},
								"east": {"uv": [21, 5], "uv_size": [4, 3]},
								"south": {"uv": [26, 25], "uv_size": [9, 3]},
								"west": {"uv": [40, 10], "uv_size": [4, 3]},
								"up": {"uv": [12, 0], "uv_size": [9, 4]},
								"down": {"uv": [12, 8], "uv_size": [9, -4]}
							}
						},
						{
							"origin": [-4.5, 22, 2.5],
							"size": [9, 9, 0.4],
							"uv": {
								"north": {"uv": [26, 22], "uv_size": [9, 3]},
								"east": {"uv": [21, 5], "uv_size": [4, 3]},
								"south": {"uv": [26, 25], "uv_size": [9, 3]},
								"west": {"uv": [40, 10], "uv_size": [4, 3]},
								"up": {"uv": [12, 0], "uv_size": [9, 4]},
								"down": {"uv": [12, 8], "uv_size": [9, -4]}
							}
						},
						{
							"origin": [1.75, 25.25, 2.65],
							"size": [3, 1, 0.5],
							"uv": {
								"north": {"uv": [26, 22], "uv_size": [9, 3]},
								"east": {"uv": [21, 5], "uv_size": [4, 3]},
								"south": {"uv": [26, 25], "uv_size": [2, 1]},
								"west": {"uv": [40, 10], "uv_size": [4, 3]},
								"up": {"uv": [12, 0], "uv_size": [9, 4]},
								"down": {"uv": [12, 8], "uv_size": [9, -4]}
							}
						},
						{
							"origin": [0.75, 26.25, 2.65],
							"size": [4, 5, 0.5],
							"uv": {
								"north": {"uv": [26, 22], "uv_size": [9, 3]},
								"east": {"uv": [21, 5], "uv_size": [4, 3]},
								"south": {"uv": [26, 25], "uv_size": [3, 4]},
								"west": {"uv": [40, 10], "uv_size": [4, 3]},
								"up": {"uv": [12, 0], "uv_size": [9, 4]},
								"down": {"uv": [12, 8], "uv_size": [9, -4]}
							}
						},
						{
							"origin": [-4.75, 26.25, 2.65],
							"size": [4, 5, 0.5],
							"uv": {
								"north": {"uv": [35, 22], "uv_size": [-9, 3]},
								"east": {"uv": [44, 10], "uv_size": [-4, 3]},
								"south": {"uv": [28, 24], "uv_size": [-3, 4]},
								"west": {"uv": [25, 5], "uv_size": [-4, 3]},
								"up": {"uv": [21, 0], "uv_size": [-9, 4]},
								"down": {"uv": [21, 8], "uv_size": [-9, -4]}
							}
						},
						{
							"origin": [-4.75, 25.25, 2.65],
							"size": [3, 1, 0.5],
							"uv": {
								"north": {"uv": [35, 22], "uv_size": [-9, 3]},
								"east": {"uv": [44, 10], "uv_size": [-4, 3]},
								"south": {"uv": [28, 25], "uv_size": [-2, 1]},
								"west": {"uv": [25, 5], "uv_size": [-4, 3]},
								"up": {"uv": [21, 0], "uv_size": [-9, 4]},
								"down": {"uv": [21, 8], "uv_size": [-9, -4]}
							}
						},
						{
							"origin": [-0.38431, 22.75234, -1.7505],
							"size": [6.25, 9, 4.505],
							"pivot": [3.36569, 30.50234, 0.75],
							"rotation": [0, 1, 12.5],
							"uv": {
								"north": {"uv": [0, 9], "uv_size": [6, 9]},
								"east": {"uv": [12, 17], "uv_size": [4, 9]},
								"south": {"uv": [6, 9], "uv_size": [6, 9]},
								"west": {"uv": [16, 17], "uv_size": [4, 9]},
								"up": {"uv": [0, 35], "uv_size": [6, 4]},
								"down": {"uv": [32, 36], "uv_size": [6, -4]}
							}
						},
						{
							"origin": [-5.86569, 22.75234, -1.75],
							"size": [6.25, 9, 4.5],
							"pivot": [-3.36569, 30.50234, 0.75],
							"rotation": [0, -1, -12.5],
							"uv": {
								"north": {"uv": [0, 9], "uv_size": [6, 9]},
								"east": {"uv": [12, 17], "uv_size": [4, 9]},
								"south": {"uv": [6, 9], "uv_size": [6, 9]},
								"west": {"uv": [16, 17], "uv_size": [4, 9]},
								"up": {"uv": [32, 32], "uv_size": [6, 4]},
								"down": {"uv": [0, 39], "uv_size": [6, -4]}
							}
						}
					]
				},
				{
					"name": "head",
					"parent": "Body",
					"pivot": [0, 32.35, -1.25],
					"cubes": [
						{
							"origin": [-2.5, 31.25, -4],
							"size": [5, 1, 2],
							"uv": {
								"north": {"uv": [29, 21], "uv_size": [4, 1]},
								"east": {"uv": [24, 36], "uv_size": [2, 1]},
								"south": {"uv": [44, 12], "uv_size": [5, 1]},
								"west": {"uv": [30, 39], "uv_size": [2, 1]},
								"up": {"uv": [41, 19], "uv_size": [5, 2]},
								"down": {"uv": [41, 23], "uv_size": [5, -2]}
							}
						},
						{
							"origin": [-2.75, 32.25, -4],
							"size": [5.5, 2, 5.5],
							"uv": {
								"north": {"uv": [30, 40], "uv_size": [5, 2]},
								"east": {"uv": [41, 13], "uv_size": [6, 2]},
								"south": {"uv": [41, 15], "uv_size": [6, 2]},
								"west": {"uv": [41, 17], "uv_size": [6, 2]},
								"up": {"uv": [0, 18], "uv_size": [6, 6]},
								"down": {"uv": [6, 24], "uv_size": [6, -6]}
							}
						},
						{
							"origin": [-3, 34.25, -4.25],
							"size": [6, 4, 6],
							"uv": {
								"north": {"uv": [6, 35], "uv_size": [6, 4]},
								"east": {"uv": [12, 35], "uv_size": [6, 4]},
								"south": {"uv": [35, 21], "uv_size": [6, 4]},
								"west": {"uv": [32, 36], "uv_size": [6, 4]},
								"up": {"uv": [20, 8], "uv_size": [6, 6]},
								"down": {"uv": [20, 20], "uv_size": [6, -6]}
							}
						},
						{
							"origin": [-2.5, 38.25, -3.75],
							"size": [5, 1, 5],
							"uv": {
								"north": {"uv": [46, 8], "uv_size": [5, 1]},
								"east": {"uv": [46, 43], "uv_size": [5, 1]},
								"south": {"uv": [46, 44], "uv_size": [5, 1]},
								"west": {"uv": [46, 45], "uv_size": [5, 1]},
								"up": {"uv": [21, 0], "uv_size": [5, 5]},
								"down": {"uv": [32, 5], "uv_size": [5, -5]}
							}
						},
						{
							"origin": [-3.5, 33.25, -4.75],
							"size": [7, 6.25, 7],
							"uv": {
								"north": {"uv": [5, 1], "uv_size": [6, 5.25]},
								"east": {"uv": [50.5, 53.5], "uv_size": [7, 6.25]},
								"south": {"uv": [50.5, 53.5], "uv_size": [7, 6.25]},
								"west": {"uv": [50.5, 53.5], "uv_size": [7, 6.25]},
								"up": {"uv": [57.5, 59.75], "uv_size": [-7, -6.25]},
								"down": {"uv": [63.5, 51.75], "uv_size": [-7, -6.25]}
							}
						}
					]
				},
				{
					"name": "leye",
					"parent": "head",
					"pivot": [1.725, 35.8, -4.2625],
					"cubes": [
						{
							"origin": [1.425, 35.5, -4.275],
							"size": [0.6, 0.6, 0.025],
							"uv": {
								"north": {"uv": [39, 59], "uv_size": [1, 1]},
								"east": {"uv": [39, 59], "uv_size": [1, 1]},
								"south": {"uv": [39, 59], "uv_size": [1, 1]},
								"west": {"uv": [39, 59], "uv_size": [1, 1]},
								"up": {"uv": [40, 60], "uv_size": [-1, -1]},
								"down": {"uv": [40, 60], "uv_size": [-1, -1]}
							}
						}
					]
				},
				{
					"name": "larm",
					"parent": "Body",
					"pivot": [6.25, 29.5, 0.5],
					"rotation": [0, 0, -5],
					"cubes": [
						{
							"origin": [4.75, 22, -1],
							"size": [3, 9, 3],
							"uv": {
								"north": {"uv": [29, 9], "uv_size": [3, 9]},
								"east": {"uv": [29, 28], "uv_size": [3, 9]},
								"south": {"uv": [18, 31], "uv_size": [3, 9]},
								"west": {"uv": [21, 31], "uv_size": [3, 9]},
								"up": {"uv": [44, 9], "uv_size": [3, 3]},
								"down": {"uv": [12, 47], "uv_size": [3, -3]}
							}
						}
					]
				},
				{
					"name": "bone7",
					"parent": "larm",
					"pivot": [6.25, 22, 0.5],
					"rotation": [0, 0, 5],
					"cubes": [
						{
							"origin": [5, 18, -0.75],
							"size": [2.5, 4, 2.5],
							"uv": {
								"north": {"uv": [38, 39], "uv_size": [3, 5]},
								"east": {"uv": [40, 0], "uv_size": [3, 5]},
								"south": {"uv": [40, 5], "uv_size": [3, 5]},
								"west": {"uv": [18, 40], "uv_size": [3, 5]},
								"up": {"uv": [15, 44], "uv_size": [3, 3]},
								"down": {"uv": [23, 47], "uv_size": [3, -3]}
							}
						},
						{
							"origin": [5.1, 14, -0.65],
							"size": [2.3, 4, 2.3],
							"uv": {
								"north": {"uv": [41, 23], "uv_size": [2, 5]},
								"east": {"uv": [41, 28], "uv_size": [2, 5]},
								"south": {"uv": [41, 33], "uv_size": [2, 5]},
								"west": {"uv": [41, 38], "uv_size": [2, 5]},
								"up": {"uv": [48, 0], "uv_size": [2, 2]},
								"down": {"uv": [48, 4], "uv_size": [2, -2]}
							}
						}
					]
				},
				{
					"name": "bone8",
					"parent": "bone7",
					"pivot": [5.6, 14, 1.35],
					"rotation": [9.85108, 1.72794, 12.64892],
					"cubes": [
						{
							"origin": [4.85, 10, 0.6],
							"size": [1.5, 4, 1.5],
							"uv": {
								"north": {"uv": [46, 0], "uv_size": [2, 4]},
								"east": {"uv": [2, 46], "uv_size": [2, 4]},
								"south": {"uv": [4, 46], "uv_size": [2, 4]},
								"west": {"uv": [46, 4], "uv_size": [2, 4]},
								"up": {"uv": [48, 4], "uv_size": [2, 2]},
								"down": {"uv": [48, 8], "uv_size": [2, -2]}
							}
						}
					]
				},
				{
					"name": "bone9",
					"parent": "bone7",
					"pivot": [5.6, 14, -0.15],
					"rotation": [-4.99527, 0.21782, 2.4905],
					"cubes": [
						{
							"origin": [4.85, 10, -0.9],
							"size": [1.5, 4, 1.5],
							"uv": {
								"north": {"uv": [6, 46], "uv_size": [2, 4]},
								"east": {"uv": [46, 19], "uv_size": [2, 4]},
								"south": {"uv": [46, 23], "uv_size": [2, 4]},
								"west": {"uv": [46, 27], "uv_size": [2, 4]},
								"up": {"uv": [48, 13], "uv_size": [2, 2]},
								"down": {"uv": [48, 17], "uv_size": [2, -2]}
							}
						},
						{
							"origin": [4.95, 6.25, -0.8],
							"size": [1.3, 4, 1.3],
							"pivot": [5.6, 10, -0.15],
							"rotation": [10, 0, 0],
							"uv": {
								"north": {"uv": [17, 47], "uv_size": [1, 4]},
								"east": {"uv": [25, 47], "uv_size": [1, 4]},
								"south": {"uv": [48, 19], "uv_size": [1, 4]},
								"west": {"uv": [48, 23], "uv_size": [1, 4]},
								"up": {"uv": [37, 18], "uv_size": [1, 1]},
								"down": {"uv": [37, 20], "uv_size": [1, -1]}
							}
						}
					]
				},
				{
					"name": "bone10",
					"parent": "bone7",
					"pivot": [7.1, 14, -0.15],
					"rotation": [-4.99527, 0.21782, -2.5095],
					"cubes": [
						{
							"origin": [6.35, 10, -0.9],
							"size": [1.5, 4, 1.5],
							"uv": {
								"north": {"uv": [46, 31], "uv_size": [2, 4]},
								"east": {"uv": [46, 35], "uv_size": [2, 4]},
								"south": {"uv": [46, 39], "uv_size": [2, 4]},
								"west": {"uv": [40, 46], "uv_size": [2, 4]},
								"up": {"uv": [26, 48], "uv_size": [2, 2]},
								"down": {"uv": [48, 29], "uv_size": [2, -2]}
							}
						},
						{
							"origin": [6.45, 6.25, -0.8],
							"size": [1.3, 4, 1.3],
							"pivot": [7.1, 10, -0.15],
							"rotation": [17.5, 0, 0],
							"uv": {
								"north": {"uv": [28, 48], "uv_size": [1, 4]},
								"east": {"uv": [29, 48], "uv_size": [1, 4]},
								"south": {"uv": [48, 29], "uv_size": [1, 4]},
								"west": {"uv": [48, 33], "uv_size": [1, 4]},
								"up": {"uv": [37, 20], "uv_size": [1, 1]},
								"down": {"uv": [40, 14], "uv_size": [1, -1]}
							}
						}
					]
				},
				{
					"name": "rarm",
					"parent": "Body",
					"pivot": [-6.25, 29.5, 0.5],
					"rotation": [0, 0, 5],
					"cubes": [
						{
							"origin": [-7.75, 22, -1],
							"size": [3, 9, 3],
							"uv": {
								"north": {"uv": [12, 26], "uv_size": [3, 9]},
								"east": {"uv": [15, 26], "uv_size": [3, 9]},
								"south": {"uv": [26, 28], "uv_size": [3, 9]},
								"west": {"uv": [29, 0], "uv_size": [3, 9]},
								"up": {"uv": [43, 35], "uv_size": [3, 3]},
								"down": {"uv": [43, 41], "uv_size": [3, -3]}
							}
						}
					]
				},
				{
					"name": "bone4",
					"parent": "rarm",
					"pivot": [-6.25, 22, 0.5],
					"rotation": [0, 0, -5],
					"cubes": [
						{
							"origin": [-7.5, 18, -0.75],
							"size": [2.5, 4, 2.5],
							"uv": {
								"north": {"uv": [37, 0], "uv_size": [3, 5]},
								"east": {"uv": [9, 39], "uv_size": [3, 5]},
								"south": {"uv": [12, 39], "uv_size": [3, 5]},
								"west": {"uv": [15, 39], "uv_size": [3, 5]},
								"up": {"uv": [41, 43], "uv_size": [3, 3]},
								"down": {"uv": [9, 47], "uv_size": [3, -3]}
							}
						},
						{
							"origin": [-7.4, 14, -0.65],
							"size": [2.3, 4, 2.3],
							"uv": {
								"north": {"uv": [18, 26], "uv_size": [2, 5]},
								"east": {"uv": [24, 31], "uv_size": [2, 5]},
								"south": {"uv": [21, 40], "uv_size": [2, 5]},
								"west": {"uv": [36, 40], "uv_size": [2, 5]},
								"up": {"uv": [30, 37], "uv_size": [2, 2]},
								"down": {"uv": [42, 48], "uv_size": [2, -2]}
							}
						}
					]
				},
				{
					"name": "bone",
					"parent": "bone4",
					"pivot": [-5.6, 14, 1.35],
					"rotation": [9.85108, -1.72794, -12.64892],
					"cubes": [
						{
							"origin": [-6.35, 10, 0.6],
							"size": [1.5, 4, 1.5],
							"uv": {
								"north": {"uv": [34, 45], "uv_size": [2, 4]},
								"east": {"uv": [36, 45], "uv_size": [2, 4]},
								"south": {"uv": [44, 45], "uv_size": [2, 4]},
								"west": {"uv": [0, 46], "uv_size": [2, 4]},
								"up": {"uv": [47, 17], "uv_size": [2, 2]},
								"down": {"uv": [23, 49], "uv_size": [2, -2]}
							}
						}
					]
				},
				{
					"name": "bone3",
					"parent": "bone4",
					"pivot": [-5.6, 14, -0.15],
					"rotation": [-4.99527, -0.21782, -2.4905],
					"cubes": [
						{
							"origin": [-6.35, 10, -0.9],
							"size": [1.5, 4, 1.5],
							"uv": {
								"north": {"uv": [26, 44], "uv_size": [2, 4]},
								"east": {"uv": [28, 44], "uv_size": [2, 4]},
								"south": {"uv": [38, 44], "uv_size": [2, 4]},
								"west": {"uv": [44, 41], "uv_size": [2, 4]},
								"up": {"uv": [46, 46], "uv_size": [2, 2]},
								"down": {"uv": [8, 49], "uv_size": [2, -2]}
							}
						},
						{
							"origin": [-6.25, 6.25, -0.8],
							"size": [1.3, 4, 1.3],
							"pivot": [-5.6, 10, -0.15],
							"rotation": [7.5, 0, 0],
							"uv": {
								"north": {"uv": [23, 40], "uv_size": [1, 4]},
								"east": {"uv": [22, 45], "uv_size": [1, 4]},
								"south": {"uv": [10, 47], "uv_size": [1, 4]},
								"west": {"uv": [11, 47], "uv_size": [1, 4]},
								"up": {"uv": [25, 5], "uv_size": [1, 1]},
								"down": {"uv": [25, 7], "uv_size": [1, -1]}
							}
						}
					]
				},
				{
					"name": "bone2",
					"parent": "bone4",
					"pivot": [-7.1, 14, -0.15],
					"rotation": [-4.99527, -0.21782, 2.5095],
					"cubes": [
						{
							"origin": [-7.85, 10, -0.9],
							"size": [1.5, 4, 1.5],
							"uv": {
								"north": {"uv": [18, 45], "uv_size": [2, 4]},
								"east": {"uv": [20, 45], "uv_size": [2, 4]},
								"south": {"uv": [30, 45], "uv_size": [2, 4]},
								"west": {"uv": [32, 45], "uv_size": [2, 4]},
								"up": {"uv": [47, 9], "uv_size": [2, 2]},
								"down": {"uv": [12, 49], "uv_size": [2, -2]}
							}
						},
						{
							"origin": [-7.75, 6.25, -0.8],
							"size": [1.3, 4, 1.3],
							"pivot": [-7.1, 10, -0.15],
							"rotation": [12.5, 0, 0],
							"uv": {
								"north": {"uv": [47, 13], "uv_size": [1, 4]},
								"east": {"uv": [14, 47], "uv_size": [1, 4]},
								"south": {"uv": [15, 47], "uv_size": [1, 4]},
								"west": {"uv": [16, 47], "uv_size": [1, 4]},
								"up": {"uv": [25, 7], "uv_size": [1, 1]},
								"down": {"uv": [34, 22], "uv_size": [1, -1]}
							}
						}
					]
				},
				{
					"name": "bone5",
					"parent": "bone6",
					"pivot": [0, 18, 1],
					"cubes": [
						{
							"origin": [-4, 18, -1],
							"size": [8, 3, 3],
							"uv": {
								"north": {"uv": [29, 18], "uv_size": [8, 3]},
								"east": {"uv": [43, 29], "uv_size": [3, 3]},
								"south": {"uv": [32, 5], "uv_size": [8, 3]},
								"west": {"uv": [43, 32], "uv_size": [3, 3]},
								"up": {"uv": [32, 8], "uv_size": [8, 3]},
								"down": {"uv": [32, 14], "uv_size": [8, -3]}
							}
						}
					]
				},
				{
					"name": "lleg",
					"parent": "bone5",
					"pivot": [2.5, 18, 0.5],
					"rotation": [0, -2.5, 0],
					"cubes": [
						{
							"origin": [1.15, 11, -0.85],
							"size": [2.7, 7, 2.7],
							"uv": {
								"north": {"uv": [38, 32], "uv_size": [3, 7]},
								"east": {"uv": [0, 39], "uv_size": [3, 7]},
								"south": {"uv": [3, 39], "uv_size": [3, 7]},
								"west": {"uv": [6, 39], "uv_size": [3, 7]},
								"up": {"uv": [43, 3], "uv_size": [3, 3]},
								"down": {"uv": [43, 9], "uv_size": [3, -3]}
							}
						}
					]
				},
				{
					"name": "bone14",
					"parent": "lleg",
					"pivot": [2.5, 11, 0.5],
					"cubes": [
						{
							"origin": [0.85, 0, -1.15],
							"size": [3.3, 11, 3.3],
							"uv": {
								"north": {"uv": [6, 24], "uv_size": [3, 11]},
								"east": {"uv": [9, 24], "uv_size": [3, 11]},
								"south": {"uv": [26, 0], "uv_size": [3, 11]},
								"west": {"uv": [26, 11], "uv_size": [3, 11]},
								"up": {"uv": [43, 23], "uv_size": [3, 3]},
								"down": {"uv": [43, 29], "uv_size": [3, -3]}
							}
						}
					]
				},
				{
					"name": "rleg",
					"parent": "bone5",
					"pivot": [-2.5, 18, 0.5],
					"rotation": [0, 2.5, 0],
					"cubes": [
						{
							"origin": [-3.85, 11, -0.85],
							"size": [2.7, 7, 2.7],
							"uv": {
								"north": {"uv": [24, 37], "uv_size": [3, 7]},
								"east": {"uv": [27, 37], "uv_size": [3, 7]},
								"south": {"uv": [38, 14], "uv_size": [3, 7]},
								"west": {"uv": [38, 25], "uv_size": [3, 7]},
								"up": {"uv": [33, 42], "uv_size": [3, 3]},
								"down": {"uv": [43, 3], "uv_size": [3, -3]}
							}
						}
					]
				},
				{
					"name": "bone13",
					"parent": "rleg",
					"pivot": [-2.5, 11, 0.5],
					"cubes": [
						{
							"origin": [-4.15, 0, -1.15],
							"size": [3.3, 11, 3.3],
							"uv": {
								"north": {"uv": [20, 20], "uv_size": [3, 11]},
								"east": {"uv": [23, 20], "uv_size": [3, 11]},
								"south": {"uv": [0, 24], "uv_size": [3, 11]},
								"west": {"uv": [3, 24], "uv_size": [3, 11]},
								"up": {"uv": [35, 25], "uv_size": [3, 3]},
								"down": {"uv": [30, 45], "uv_size": [3, -3]}
							}
						}
					]
				}
			]
		}
	]
}