{
    "Main": "82e9274b-a24d-4ba9-be1c-16af5b44b1af",
    "Nodes": [
        {
            "Type": "timer",
            "Timer": 120,
            "X": 18,
            "Title": "",
            "Y": -22,
            "Relations": [
                "e9780ba5-a7e7-4909-8a05-f3f010a688ee"
            ],
            "Id": "4ff51dd2-a935-4633-b52a-9b63f8639a4b"
        },
        {
            "Type": "trigger",
            "Trigger": {
                "Blocks": [
                    {
                        "Type": "command",
                        "Command": "fill -839 238 4 -838 237 4 minecraft:air",
                        "Frequency": 1
                    }
                ]
            },
            "Cancel": 0b,
            "X": 162,
            "CustomData": "",
            "Title": "fill2",
            "Y": 228,
            "Id": "54550416-2ba6-424e-9e17-41b3ca9e79d5"
        },
        {
            "Type": "trigger",
            "Trigger": {
                "Blocks": [
                    {
                        "Type": "command",
                        "Command": "/tp @s[team=surv] -846 243 56 -143.7 9.0",
                        "Frequency": 1
                    }
                ]
            },
            "Cancel": 0b,
            "X": 178,
            "CustomData": "",
            "Title": "tp",
            "Y": 4,
            "Relations": [
                "ce535924-275d-44a7-b76d-8558f994dca2"
            ],
            "Id": "e9780ba5-a7e7-4909-8a05-f3f010a688ee"
        },
        {
            "Type": "trigger",
            "Trigger": {
                "Blocks": [
                    {
                        "Type": "command",
                        "Command": "fill -839 238 4 -838 237 4 minecraft:barrier",
                        "Frequency": 1
                    }
                ]
            },
            "Cancel": 0b,
            "X": -20,
            "CustomData": "",
            "Title": "fill",
            "Y": -176,
            "Relations": [
                "4ff51dd2-a935-4633-b52a-9b63f8639a4b"
            ],
            "Id": "82e9274b-a24d-4ba9-be1c-16af5b44b1af"
        },
        {
            "Type": "trigger",
            "Trigger": {
                "Blocks": [
                    {
                        "Type": "command",
                        "Command": "playsound backrooms:drop master @s[team=surv]",
                        "Frequency": 1
                    }
                ]
            },
            "Cancel": 0b,
            "X": 240,
            "CustomData": "",
            "Title": "sound",
            "Y": 94,
            "Relations": [
                "54550416-2ba6-424e-9e17-41b3ca9e79d5"
            ],
            "Id": "ce535924-275d-44a7-b76d-8558f994dca2"
        }
    ]
}