{
    "Main": "82d3e99f-cc08-42df-8deb-f496008954b8",
    "Nodes": [
        {
            "Type": "trigger",
            "Trigger": {
                "Blocks": [
                    {
                        "Type": "command",
                        "Command": "/execute @s ~ ~ ~ /setblock -841 234 43 backrooms:keybasement",
                        "Frequency": 1
                    }
                ]
            },
            "Cancel": 0b,
            "X": -326,
            "CustomData": "",
            "Title": "0",
            "Y": -567,
            "Relations": [
                "0398402b-82ea-49a6-a101-bd47865d00fa"
            ],
            "Id": "377883c9-5715-4658-84f7-1c4dac3c0b2a"
        },
        {
            "Type": "trigger",
            "Trigger": {
                "Blocks": [
                    {
                        "Type": "command",
                        "Command": "/execute @s ~ ~ ~ /setblock -839 238 80 backrooms:keybasement",
                        "Frequency": 1
                    }
                ]
            },
            "Cancel": 0b,
            "X": 276,
            "CustomData": "",
            "Title": "3",
            "Y": -104,
            "Id": "c789db17-a45b-42d1-8909-8a96ddee47f5"
        },
        {
            "Type": "trigger",
            "Trigger": {
                "Blocks": [
                    {
                        "Type": "command",
                        "Command": "/execute @s ~ ~ ~ /setblock -839 238 80 backrooms:keybasement",
                        "Frequency": 1
                    }
                ]
            },
            "Cancel": 0b,
            "X": 108,
            "CustomData": "",
            "Title": "3",
            "Y": -88,
            "Id": "2bd6efaf-213c-4694-b8be-fb097fed9679"
        },
        {
            "Type": "trigger",
            "Trigger": {
                "Blocks": [
                    {
                        "Type": "command",
                        "Command": "/execute @s ~ ~ ~ /setblock -839 234 59 backrooms:keybasement",
                        "Frequency": 1
                    }
                ]
            },
            "Cancel": 0b,
            "X": 11,
            "CustomData": "",
            "Title": "2",
            "Y": -593,
            "Relations": [
                "0398402b-82ea-49a6-a101-bd47865d00fa"
            ],
            "Id": "2a741a46-ac5e-4f4a-8cf3-e071be16ea00"
        },
        {
            "Type": "trigger",
            "Trigger": {
                "Blocks": [
                    {
                        "Type": "command",
                        "Command": "/execute @s ~ ~ ~ /setblock -836 244 47 backrooms:keybasement",
                        "Frequency": 1
                    }
                ]
            },
            "Cancel": 0b,
            "X": 0,
            "CustomData": "",
            "Title": "2",
            "Y": -88,
            "Id": "a109e33f-a501-41bb-89f0-cc2e145e94b8"
        },
        {
            "Type": "switch",
            "Expression": "floor(random(0, 4))",
            "X": -201,
            "Title": "basement",
            "Y": -842,
            "Relations": [
                "377883c9-5715-4658-84f7-1c4dac3c0b2a",
                "2fcff699-d120-44ed-a34a-fa550f2cab93",
                "2a741a46-ac5e-4f4a-8cf3-e071be16ea00",
                "a86acdb2-3472-46e8-8833-b47088db2584",
                "3c9a7093-af61-4621-bce4-a337af42f807"
            ],
            "Id": "82d3e99f-cc08-42df-8deb-f496008954b8"
        },
        {
            "Type": "trigger",
            "Trigger": {
                "Blocks": [
                    {
                        "Type": "command",
                        "Command": "/execute @s ~ ~ ~ /setblock -848 245 47 backrooms:keybasement",
                        "Frequency": 1
                    }
                ]
            },
            "Cancel": 0b,
            "X": -109,
            "CustomData": "",
            "Title": "1",
            "Y": -91,
            "Id": "528a43e1-27d8-4a9c-8e86-14afbec62129"
        },
        {
            "Type": "trigger",
            "Trigger": {
                "Blocks": [
                    {
                        "Type": "command",
                        "Command": "/execute @s ~ ~ ~ /setblock -821 235 66 backrooms:keybasement",
                        "Frequency": 1
                    }
                ]
            },
            "Cancel": 0b,
            "X": -192,
            "CustomData": "",
            "Title": "1",
            "Y": -556,
            "Relations": [
                "0398402b-82ea-49a6-a101-bd47865d00fa"
            ],
            "Id": "2fcff699-d120-44ed-a34a-fa550f2cab93"
        },
        {
            "Type": "trigger",
            "Trigger": {
                "Blocks": [
                    {
                        "Type": "command",
                        "Command": "/execute @s ~ ~ ~ /setblock -824 244 69 backrooms:keybasement",
                        "Frequency": 1
                    }
                ]
            },
            "Cancel": 0b,
            "X": -221,
            "CustomData": "",
            "Title": "0",
            "Y": -81,
            "Id": "96aac4ca-8f25-4dbf-a1f5-d5dbb7599573"
        },
        {
            "Type": "trigger",
            "Trigger": {
                "Blocks": [
                    {
                        "Type": "command",
                        "Command": "/execute @s ~ ~ ~ /setblock -839 232 65 backrooms:keybasement",
                        "Frequency": 1
                    }
                ]
            },
            "Cancel": 0b,
            "X": 163,
            "CustomData": "",
            "Title": "3",
            "Y": -591,
            "Relations": [
                "0398402b-82ea-49a6-a101-bd47865d00fa"
            ],
            "Id": "a86acdb2-3472-46e8-8833-b47088db2584"
        },
        {
            "Type": "switch",
            "Expression": "floor(random(0, 4))",
            "X": -95,
            "Title": "basement1",
            "Y": -420,
            "Relations": [
                "96aac4ca-8f25-4dbf-a1f5-d5dbb7599573",
                "528a43e1-27d8-4a9c-8e86-14afbec62129",
                "a109e33f-a501-41bb-89f0-cc2e145e94b8",
                "2bd6efaf-213c-4694-b8be-fb097fed9679",
                "c789db17-a45b-42d1-8909-8a96ddee47f5"
            ],
            "Id": "0398402b-82ea-49a6-a101-bd47865d00fa"
        },
        {
            "Type": "trigger",
            "Trigger": {
                "Blocks": [
                    {
                        "Type": "command",
                        "Command": "/execute @s ~ ~ ~ /setblock -839 232 65 backrooms:keybasement",
                        "Frequency": 1
                    }
                ]
            },
            "Cancel": 0b,
            "X": 294,
            "CustomData": "",
            "Title": "3",
            "Y": -594,
            "Id": "3c9a7093-af61-4621-bce4-a337af42f807"
        }
    ]
}