{
    "Main": "b412f490-9e4c-486b-b4cd-f243a1122478",
    "Nodes": [
        {
            "Type": "trigger",
            "Trigger": {
                "Blocks": [
                    {
                        "Type": "command",
                        "Command": "/setblock -817 244 63 air",
                        "Frequency": 1
                    },
                    {
                        "Type": "command",
                        "Command": "/setblock -847 234 67 air",
                        "Frequency": 1
                    },
                    {
                        "Type": "command",
                        "Command": "/setblock -850 238 77 air",
                        "Frequency": 1
                    }
                ]
            },
            "Cancel": 0b,
            "X": 32,
            "CustomData": "",
            "Title": "",
            "Y": -222,
            "Relations": [
                "fdc895a5-f65d-4747-a64c-2e370d88faf2"
            ],
            "Id": "b412f490-9e4c-486b-b4cd-f243a1122478"
        },
        {
            "Type": "command",
            "Command": "/setblock -850 238 77 backrooms:batareyblock 15",
            "X": 418,
            "Title": "",
            "Y": 46,
            "Id": "cd3f0410-8de8-4168-b308-40f5e19c264a"
        },
        {
            "Type": "switch",
            "Expression": "floor(random(0, 3))",
            "X": 74,
            "Title": "",
            "Y": -66,
            "Relations": [
                "a23c9fa4-3635-46a6-8df5-5241f42c25d5",
                "6d48e004-dc7f-40a0-bb62-dc8949149041",
                "cd3f0410-8de8-4168-b308-40f5e19c264a",
                "403782e6-31ff-4881-9798-2b91969d0817"
            ],
            "Id": "fdc895a5-f65d-4747-a64c-2e370d88faf2"
        },
        {
            "Type": "command",
            "Command": "/setblock -817 244 63 backrooms:batareyblock",
            "X": -286,
            "Title": "",
            "Y": 154,
            "Id": "a23c9fa4-3635-46a6-8df5-5241f42c25d5"
        },
        {
            "Type": "command",
            "Command": "/setblock -850 238 77 backrooms:batareyblock 15",
            "X": 552,
            "Title": "",
            "Y": -26,
            "Id": "403782e6-31ff-4881-9798-2b91969d0817"
        },
        {
            "Type": "command",
            "Command": "/setblock -847 234 67 backrooms:batareyblock 15",
            "X": 121,
            "Title": "",
            "Y": 162,
            "Id": "6d48e004-dc7f-40a0-bb62-dc8949149041"
        }
    ]
}