{
    "Main": "4b1cabed-544f-448e-b664-0196dcdafb82",
    "Nodes": [
        {
            "Type": "trigger",
            "Trigger": {
                "Blocks": [
                    {
                        "Script": "laptop_test_password_and_camera_",
                        "Function": "",
                        "Type": "script",
                        "CustomData": "",
                        "Frequency": 1
                    }
                ]
            },
            "Cancel": 0b,
            "X": 12,
            "CustomData": "",
            "Title": "",
            "Y": -77,
            "Id": "c1712dcd-6e98-4628-9692-560b4de6ba47"
        },
        {
            "Condition": {
                "Condition": {
                    "Blocks": [
                        {
                            "Not": 0b,
                            "Target": 4,
                            "Type": "state",
                            "Or": 0b,
                            "Comparison": 2,
                            "Expression": "",
                            "Value": 0.0d,
                            "Id": "on_off",
                            "Selector": "@s[team=surv]"
                        }
                    ]
                },
                "Mode": 1
            },
            "Type": "condition",
            "X": -32,
            "Title": "",
            "Y": -218,
            "Relations": [
                "c1712dcd-6e98-4628-9692-560b4de6ba47"
            ],
            "Id": "4b1cabed-544f-448e-b664-0196dcdafb82"
        }
    ]
}