{
    "Main": "7996998e-2623-4712-b63c-e60a1185d609",
    "Nodes": [
        {
            "Type": "command",
            "Command": "/execute @s ~ ~ ~ /setblock -845 244 59 backrooms:keyclassroom",
            "X": 178,
            "Title": "1",
            "Y": 126,
            "Relations": [
                "c4035ad2-4360-4299-837e-af19962aba21"
            ],
            "Id": "68089840-e09d-48bc-9d89-a9f119c758e7"
        },
        {
            "Type": "switch",
            "Expression": "floor(random(0, 3))",
            "X": 101,
            "Title": "classroom",
            "Y": -292,
            "Relations": [
                "07c90fa0-fc15-472e-b0f1-d1bf333d2cca",
                "68089840-e09d-48bc-9d89-a9f119c758e7",
                "7096b928-ad32-44f7-91db-7a8de1db9021",
                "9e001e17-11ca-4916-bef6-5f9c175d5cc9"
            ],
            "Id": "7996998e-2623-4712-b63c-e60a1185d609"
        },
        {
            "Type": "switch",
            "Expression": "floor(random(0, 4))",
            "X": 159,
            "Title": "classroom",
            "Y": 243,
            "Relations": [
                "88457e81-8cb2-4f22-b4ae-4d997583b9c7",
                "746272ad-790c-4dda-a92c-3f07927fafd8",
                "b0f08dd8-b94d-4a52-ad6f-a5895a4baa5c",
                "a8b7e122-9008-43de-9907-1a6a2f7d307a",
                "6c8b50fb-0cdf-4eac-ae10-73b32e3b2cfe"
            ],
            "Id": "c4035ad2-4360-4299-837e-af19962aba21"
        },
        {
            "Type": "command",
            "Command": "/execute @s ~ ~ ~ /setblock -832 238 47 backrooms:keyclassroom",
            "X": 71,
            "Title": "1",
            "Y": 396,
            "Id": "746272ad-790c-4dda-a92c-3f07927fafd8"
        },
        {
            "Type": "command",
            "Command": "/execute @s ~ ~ ~ /setblock -850 238 80 backrooms:keyclassroom",
            "X": 457,
            "Title": "2",
            "Y": 124,
            "Relations": [
                "c4035ad2-4360-4299-837e-af19962aba21"
            ],
            "Id": "9e001e17-11ca-4916-bef6-5f9c175d5cc9"
        },
        {
            "Type": "command",
            "Command": "/execute @s ~ ~ ~ /setblock -811 236 43 backrooms:keyclassroom",
            "X": 531,
            "Title": "3",
            "Y": 338,
            "Id": "6c8b50fb-0cdf-4eac-ae10-73b32e3b2cfe"
        },
        {
            "Type": "command",
            "Command": "/execute @s ~ ~ ~ /setblock -857 233 65 backrooms:keyclassroom",
            "X": 190,
            "Title": "2",
            "Y": 395,
            "Id": "b0f08dd8-b94d-4a52-ad6f-a5895a4baa5c"
        },
        {
            "Type": "command",
            "Command": "/execute @s ~ ~ ~ /setblock -848 238 63 backrooms:keyclassroom",
            "X": -29,
            "Title": "0",
            "Y": 394,
            "Id": "88457e81-8cb2-4f22-b4ae-4d997583b9c7"
        },
        {
            "Type": "command",
            "Command": "/execute @s ~ ~ ~ /setblock -850 238 80 backrooms:keyclassroom",
            "X": 291,
            "Title": "2",
            "Y": 123,
            "Relations": [
                "c4035ad2-4360-4299-837e-af19962aba21"
            ],
            "Id": "7096b928-ad32-44f7-91db-7a8de1db9021"
        },
        {
            "Type": "command",
            "Command": "/execute @s ~ ~ ~ /setblock -811 236 43 backrooms:keyclassroom",
            "X": 363,
            "Title": "3",
            "Y": 378,
            "Id": "a8b7e122-9008-43de-9907-1a6a2f7d307a"
        },
        {
            "Type": "command",
            "Command": "/execute @s ~ ~ ~ /setblock -829 243 59 backrooms:keyclassroom",
            "X": 54,
            "Title": "0",
            "Y": 115,
            "Relations": [
                "c4035ad2-4360-4299-837e-af19962aba21"
            ],
            "Id": "07c90fa0-fc15-472e-b0f1-d1bf333d2cca"
        }
    ]
}