{
    "Main": "3a3c3893-4d5b-48bf-8480-d8124b5524e5",
    "Nodes": [
        {
            "Type": "command",
            "Command": "/execute @s ~ ~ ~ /setblock -857 233 65 backrooms:keyclassroom",
            "X": -106,
            "Title": "0",
            "Y": 472,
            "Id": "084dcc5f-be34-4c11-abbc-e514895907f0"
        },
        {
            "Type": "switch",
            "Expression": "floor(random(0, 4))",
            "X": 21,
            "Title": "classroom",
            "Y": 315,
            "Relations": [
                "084dcc5f-be34-4c11-abbc-e514895907f0",
                "cad5acb6-8760-4fe8-b9fe-d41b44b8a45d",
                "e399c7e8-3810-4682-96ea-3e07d86f736a",
                "b5df31bd-e27c-41e4-9d34-c35d314db131",
                "f6ed8b2e-85ad-4719-b781-88e23ea1320c"
            ],
            "Id": "ef24f892-9202-4064-9b65-4e4e52aea302"
        },
        {
            "Type": "command",
            "Command": "/execute @s ~ ~ ~ /setblock -829 243 59 backrooms:keyclassroom",
            "X": -276,
            "Title": "0",
            "Y": 119,
            "Relations": [
                "ef24f892-9202-4064-9b65-4e4e52aea302"
            ],
            "Id": "29450248-98c3-4c6e-930e-7aaf6612102b"
        },
        {
            "Type": "command",
            "Command": "/execute @s ~ ~ ~ /setblock -845 244 59 backrooms:keyclassroom",
            "X": -88,
            "Title": "1",
            "Y": 118,
            "Relations": [
                "ef24f892-9202-4064-9b65-4e4e52aea302"
            ],
            "Id": "9e2b411f-45ec-40d2-a866-83ac351b7eb2"
        },
        {
            "Type": "command",
            "Command": "/execute @s ~ ~ ~ /setblock -851 238 46 backrooms:keyclassroom",
            "X": 141,
            "Title": "2",
            "Y": 127,
            "Relations": [
                "ef24f892-9202-4064-9b65-4e4e52aea302"
            ],
            "Id": "561c24ff-e5cc-448e-8d63-0c0caf9798d0"
        },
        {
            "Type": "switch",
            "Expression": "floor(random(0, 3))",
            "X": -3,
            "Title": "classroom",
            "Y": -176,
            "Relations": [
                "29450248-98c3-4c6e-930e-7aaf6612102b",
                "9e2b411f-45ec-40d2-a866-83ac351b7eb2",
                "561c24ff-e5cc-448e-8d63-0c0caf9798d0",
                "09af0163-d8ed-4adc-9fdc-d6b5163cdc37"
            ],
            "Id": "3a3c3893-4d5b-48bf-8480-d8124b5524e5"
        },
        {
            "Type": "command",
            "Command": "/execute @s ~ ~ ~ /setblock -836 238 54 backrooms:keyclassroom",
            "X": 373,
            "Title": "3",
            "Y": 466,
            "Id": "f6ed8b2e-85ad-4719-b781-88e23ea1320c"
        },
        {
            "Type": "command",
            "Command": "/execute @s ~ ~ ~ /setblock -847 244 73 backrooms:keyclassroom",
            "X": 140,
            "Title": "2",
            "Y": 474,
            "Id": "e399c7e8-3810-4682-96ea-3e07d86f736a"
        },
        {
            "Type": "command",
            "Command": "/execute @s ~ ~ ~ /setblock -857 233 65 backrooms:keyclassroom",
            "X": 26,
            "Title": "1",
            "Y": 474,
            "Id": "cad5acb6-8760-4fe8-b9fe-d41b44b8a45d"
        },
        {
            "Type": "command",
            "Command": "/execute @s ~ ~ ~ /setblock -836 238 54 backrooms:keyclassroom",
            "X": 227,
            "Title": "3",
            "Y": 479,
            "Id": "b5df31bd-e27c-41e4-9d34-c35d314db131"
        },
        {
            "Type": "command",
            "Command": "/execute @s ~ ~ ~ /setblock -851 238 46 backrooms:keyclassroom",
            "X": 309,
            "Title": "2",
            "Y": 126,
            "Relations": [
                "ef24f892-9202-4064-9b65-4e4e52aea302"
            ],
            "Id": "09af0163-d8ed-4adc-9fdc-d6b5163cdc37"
        }
    ]
}