{
    "Main": "ba9a8350-ded5-4313-b753-74b2b5da5600",
    "Nodes": [
        {
            "Type": "command",
            "Command": "/setblock -832 234 53 backrooms:cutterblock",
            "X": -224,
            "Title": "",
            "Y": 6,
            "Id": "3d9ad24b-d60e-485d-a323-77b4aac34145"
        },
        {
            "Type": "command",
            "X": 538,
            "Title": "",
            "Y": -56,
            "Id": "53b84be7-a9fa-47e0-a65d-0578c9d57870"
        },
        {
            "Type": "switch",
            "Expression": "floor(random(0, 3))",
            "X": 2,
            "Title": "",
            "Y": -196,
            "Relations": [
                "3d9ad24b-d60e-485d-a323-77b4aac34145",
                "103c1963-d9b6-420a-a994-669656b549be",
                "adf903c1-d42d-45da-8743-8bed410d1e71",
                "53b84be7-a9fa-47e0-a65d-0578c9d57870"
            ],
            "Id": "ba9a8350-ded5-4313-b753-74b2b5da5600"
        },
        {
            "Type": "command",
            "Command": "/setblock -853 238 54 backrooms:cutterblock",
            "X": 2,
            "Title": "",
            "Y": 20,
            "Id": "103c1963-d9b6-420a-a994-669656b549be"
        },
        {
            "Type": "command",
            "Command": "/setblock -829 243 59 backrooms:cutterblock",
            "X": 184,
            "Title": "",
            "Y": 0,
            "Id": "adf903c1-d42d-45da-8743-8bed410d1e71"
        }
    ]
}