{
    "Main": "0d617596-9cec-47a7-b00d-3ab903309370",
    "Nodes": [
        {
            "Type": "trigger",
            "Trigger": {
                "Blocks": [
                    {
                        "Type": "command",
                        "Command": "/tp @a[team=surv] -853 237 42 -90 0",
                        "Frequency": 1
                    },
                    {
                        "Type": "command",
                        "Command": "/tp @a[team=msr] -823 243 65 90 0",
                        "Frequency": 1
                    }
                ]
            },
            "Cancel": 0b,
            "X": -228,
            "CustomData": "",
            "Title": "tp0",
            "Y": -658,
            "Relations": [
                "5777c5c9-8fd7-4235-b1e7-3078370896ee"
            ],
            "Id": "f65a65fc-4966-45af-ae9a-3c4221272251"
        },
        {
            "Type": "command",
            "Command": "/execute @a[team=msr] ~ ~ ~ /give @a[team=msr] slasher:monsterweaponn",
            "X": 95,
            "Title": "monster",
            "Y": -1091,
            "Relations": [
                "46236a8a-1e42-4936-a0b6-3145d49eb9b6"
            ],
            "Id": "5b3f4f5c-59a4-445f-a273-29aa593be5a8"
        },
        {
            "Type": "trigger",
            "Trigger": {
                "Blocks": [
                    {
                        "Type": "command",
                        "Command": "/tp @a[team=surv] -857 237 64 360 0",
                        "Frequency": 1
                    },
                    {
                        "Type": "command",
                        "Command": "/tp @a[team=msr] -815 237 44 90 0",
                        "Frequency": 1
                    }
                ]
            },
            "Cancel": 0b,
            "X": 84,
            "CustomData": "",
            "Title": "tp2",
            "Y": -654,
            "Relations": [
                "5777c5c9-8fd7-4235-b1e7-3078370896ee"
            ],
            "Id": "824c5fed-266b-49a9-8579-adddbf1bc658"
        },
        {
            "Type": "command",
            "Command": "/execute @a ~ ~ ~ /playsound slasher:start_play master @a",
            "X": 8,
            "Title": "",
            "Y": -521,
            "Relations": [
                "709471b7-c0b9-4ae6-98d5-277cfec840e2"
            ],
            "Id": "5777c5c9-8fd7-4235-b1e7-3078370896ee"
        },
        {
            "Type": "switch",
            "Expression": "floor(random(0, 3))",
            "X": 44,
            "Title": "tp",
            "Y": -816,
            "Relations": [
                "f65a65fc-4966-45af-ae9a-3c4221272251",
                "9070c78f-894a-4bd7-a4fa-24016e35fa85",
                "824c5fed-266b-49a9-8579-adddbf1bc658",
                "3e395173-543b-430e-95e7-1791e4371c04"
            ],
            "Id": "46236a8a-1e42-4936-a0b6-3145d49eb9b6"
        },
        {
            "Type": "trigger",
            "Trigger": {
                "Blocks": [
                    {
                        "Type": "event",
                        "CustomData": "",
                        "Frequency": 1,
                        "Event": "start"
                    }
                ]
            },
            "Cancel": 0b,
            "X": 55,
            "CustomData": "",
            "Title": "start",
            "Y": -1356,
            "Relations": [
                "5b3f4f5c-59a4-445f-a273-29aa593be5a8"
            ],
            "Id": "0d617596-9cec-47a7-b00d-3ab903309370"
        },
        {
            "Type": "trigger",
            "Trigger": {
                "Blocks": [
                    {
                        "Type": "command",
                        "Command": "/tp @a[team=surv] -845 237 58 -90 0",
                        "Frequency": 1
                    },
                    {
                        "Type": "command",
                        "Command": "/tp @a[team=msr] -828 243 39 360 0",
                        "Frequency": 1
                    }
                ]
            },
            "Cancel": 0b,
            "X": -45,
            "CustomData": "",
            "Title": "tp1",
            "Y": -694,
            "Relations": [
                "5777c5c9-8fd7-4235-b1e7-3078370896ee"
            ],
            "Id": "9070c78f-894a-4bd7-a4fa-24016e35fa85"
        },
        {
            "Type": "trigger",
            "Trigger": {
                "Blocks": [
                    {
                        "Type": "command",
                        "Command": "/tp @a[team=surv] -832 243 59 180 0",
                        "Frequency": 1
                    },
                    {
                        "Type": "command",
                        "Command": "/tp @a[team=msr] -839 237 72 90 0",
                        "Frequency": 1
                    }
                ]
            },
            "Cancel": 0b,
            "X": 192,
            "CustomData": "",
            "Title": "tp2",
            "Y": -666,
            "Relations": [
                "5777c5c9-8fd7-4235-b1e7-3078370896ee"
            ],
            "Id": "3e395173-543b-430e-95e7-1791e4371c04"
        },
        {
            "Type": "trigger",
            "Trigger": {
                "Blocks": [
                    {
                        "Script": "rand_code_generator_laptop",
                        "Function": "",
                        "Type": "script",
                        "CustomData": "",
                        "Frequency": 1
                    },
                    {
                        "Script": "Safe_generator",
                        "Function": "",
                        "Type": "script",
                        "CustomData": "",
                        "Frequency": 1
                    }
                ]
            },
            "Cancel": 0b,
            "X": -20,
            "CustomData": "",
            "Title": "scripts",
            "Y": -386,
            "Id": "d8c5fbfb-2d02-4893-8e20-f0784ce90ca0"
        },
        {
            "Type": "trigger",
            "Trigger": {
                "Blocks": [
                    {
                        "Type": "event",
                        "CustomData": "",
                        "Frequency": 1,
                        "Event": "Hud_School"
                    }
                ]
            },
            "Cancel": 0b,
            "X": 273,
            "CustomData": "",
            "Title": "hud",
            "Y": -462,
            "Relations": [
                "d8c5fbfb-2d02-4893-8e20-f0784ce90ca0"
            ],
            "Id": "709471b7-c0b9-4ae6-98d5-277cfec840e2"
        }
    ]
}