{
    "Main": "a57ce0a1-abc1-4897-872a-72de8df7ff35",
    "Nodes": [
        {
            "Type": "command",
            "Command": "title @a title [{\"text\":\"Игра \"},{\"text\":\"окончена\",\"color\":\"green\"},{\"text\":\".\"}]",
            "X": 280,
            "Title": "title",
            "Y": -440,
            "Relations": [
                "ab486948-3076-443c-874e-54428eba6e6e"
            ],
            "Id": "cea478a6-9de0-4de3-8fbf-a951057a3544"
        },
        {
            "Type": "timer",
            "Timer": 110,
            "X": 429,
            "Title": "timer2",
            "Y": -264,
            "Relations": [
                "0d240e24-bf67-4220-b7e2-55c3c1245d65"
            ],
            "Id": "ab486948-3076-443c-874e-54428eba6e6e"
        },
        {
            "Type": "trigger",
            "Trigger": {
                "Blocks": [
                    {
                        "Type": "command",
                        "Command": "/tp @a -892 238 29 90 0",
                        "Frequency": 1
                    },
                    {
                        "Type": "command",
                        "Command": "/scoreboard teams leave @a",
                        "Frequency": 1
                    },
                    {
                        "Type": "command",
                        "Command": "/effect @a clear",
                        "Frequency": 1
                    },
                    {
                        "Type": "command",
                        "Command": "/clear @a",
                        "Frequency": 1
                    },
                    {
                        "Type": "command",
                        "Command": "mp hud close @a",
                        "Frequency": 1
                    },
                    {
                        "Type": "command",
                        "Command": "gamemode 2 @a",
                        "Frequency": 1
                    },
                    {
                        "Type": "command",
                        "Command": "/mp state set @a[team=surv] on_off 0",
                        "Frequency": 1
                    },
                    {
                        "Type": "command",
                        "Command": "/mp state set ~ drist 0",
                        "Frequency": 1
                    }
                ]
            },
            "Cancel": 0b,
            "X": 293,
            "CustomData": "",
            "Title": "restart",
            "Y": 12,
            "Relations": [
                "6b39e424-0cfd-482f-8f27-a919d5e4ccbd"
            ],
            "Id": "0d240e24-bf67-4220-b7e2-55c3c1245d65"
        },
        {
            "Type": "trigger",
            "Trigger": {
                "Blocks": [
                    {
                        "Type": "event",
                        "CustomData": "",
                        "Frequency": 1,
                        "Event": "restart"
                    }
                ]
            },
            "Cancel": 0b,
            "X": 134,
            "CustomData": "",
            "Title": "restart2",
            "Y": 88,
            "Relations": [
                "8bb62d33-fabb-4dea-a0d0-13918fa5f05d"
            ],
            "Id": "6b39e424-0cfd-482f-8f27-a919d5e4ccbd"
        },
        {
            "Type": "command",
            "Command": "/modelblock morph -839 237 5 {Settings:{Hands:1b},Name:\"blockbuster.empty\"}",
            "X": 110,
            "Title": "modelblock",
            "Y": 253,
            "Id": "8bb62d33-fabb-4dea-a0d0-13918fa5f05d"
        },
        {
            "Type": "timer",
            "Timer": 30,
            "X": 137,
            "Title": "timer1",
            "Y": -525,
            "Relations": [
                "cea478a6-9de0-4de3-8fbf-a951057a3544"
            ],
            "Id": "a57ce0a1-abc1-4897-872a-72de8df7ff35"
        }
    ]
}