{
    "Main": "535d7027-5658-4a49-9cf3-823267d41a60",
    "Nodes": [
        {
            "Type": "command",
            "Command": "/mp hud setup @a[team=surv] Hud_school",
            "X": -164,
            "Title": "",
            "Y": -224,
            "Relations": [
                "8ab451e9-e2b3-46d9-9551-db41ae49ac42"
            ],
            "Id": "bdf0228f-093e-4b19-9f11-c5096cec2e0c"
        },
        {
            "Type": "command",
            "Command": "/mp hud close @a[team=surv]",
            "X": -156,
            "Title": "",
            "Y": 106,
            "Id": "b91124ee-480c-435f-9586-c442bca74b8b"
        },
        {
            "Type": "timer",
            "Timer": 60,
            "X": -154,
            "Title": "",
            "Y": -24,
            "Relations": [
                "b91124ee-480c-435f-9586-c442bca74b8b"
            ],
            "Id": "8ab451e9-e2b3-46d9-9551-db41ae49ac42"
        },
        {
            "Type": "timer",
            "Timer": 120,
            "X": -166,
            "Title": "",
            "Y": -356,
            "Relations": [
                "bdf0228f-093e-4b19-9f11-c5096cec2e0c"
            ],
            "Id": "535d7027-5658-4a49-9cf3-823267d41a60"
        }
    ]
}