{
    "Main": "21738e6f-0590-4179-bffc-ed0147d20678",
    "Nodes": [
        {
            "Type": "command",
            "Command": "/mp hud setup @s Hurt",
            "X": -100,
            "Title": "",
            "Y": -128,
            "Relations": [
                "1f68f5ed-2c36-462e-8809-06a952964328"
            ],
            "Id": "21738e6f-0590-4179-bffc-ed0147d20678"
        },
        {
            "Type": "timer",
            "Timer": 5,
            "X": -97,
            "Title": "",
            "Y": 68,
            "Relations": [
                "74ac2378-c73d-4291-b692-66826fad7161"
            ],
            "Id": "1f68f5ed-2c36-462e-8809-06a952964328"
        },
        {
            "Type": "command",
            "Command": "/mp hud close @s",
            "X": -84,
            "Title": "",
            "Y": 194,
            "Id": "74ac2378-c73d-4291-b692-66826fad7161"
        }
    ]
}