{
    "Main": "e1b3e48a-77b1-4e62-823b-84db3aabf7d4",
    "Nodes": [
        {
            "Type": "trigger",
            "Trigger": {
                "Blocks": [
                    {
                        "Type": "command",
                        "Command": "/setblock -819 244 72 air",
                        "Frequency": 1
                    },
                    {
                        "Type": "command",
                        "Command": "/setblock -829 238 61 air",
                        "Frequency": 1
                    },
                    {
                        "Type": "command",
                        "Command": "/setblock -832 234 53 air",
                        "Frequency": 1
                    },
                    {
                        "Type": "command",
                        "Command": "/setblock -852 238 77 air",
                        "Frequency": 1
                    },
                    {
                        "Type": "command",
                        "Command": "/setblock -840 244 59 air",
                        "Frequency": 1
                    },
                    {
                        "Type": "command",
                        "Command": "/setblock -854 243 47 air",
                        "Frequency": 1
                    },
                    {
                        "Type": "command",
                        "Command": "/setblock -851 238 67 air",
                        "Frequency": 1
                    },
                    {
                        "Type": "command",
                        "Command": "/setblock -835 238 63 air",
                        "Frequency": 1
                    }
                ]
            },
            "Cancel": 0b,
            "X": 53,
            "CustomData": "",
            "Title": "keyelectro",
            "Y": -564,
            "Relations": [
                "61be1226-5dc3-470e-84ce-16fac9607d8a"
            ],
            "Id": "e1b3e48a-77b1-4e62-823b-84db3aabf7d4"
        },
        {
            "Type": "command",
            "Command": "/setblock -840 244 59 backrooms:keyelectro 10",
            "X": 68,
            "Title": "5",
            "Y": 140,
            "Id": "bf20762c-1e84-4c1b-9929-b4ad0ca85379"
        },
        {
            "Type": "command",
            "Command": "/setblock -832 234 53 backrooms:keyelectro",
            "X": -202,
            "Title": "3",
            "Y": 136,
            "Id": "bf5bf7c2-2b9c-4195-8fe4-57c1665763d5"
        },
        {
            "Type": "command",
            "Command": "/setblock -851 238 67 backrooms:keyelectro",
            "X": 326,
            "Title": "7",
            "Y": 130,
            "Id": "99cb897f-a293-4a76-bcee-49824e6117b5"
        },
        {
            "Type": "command",
            "Command": "/setblock -835 238 63 backrooms:keyelectro",
            "X": 454,
            "Title": "8",
            "Y": 130,
            "Id": "0bc61942-a7bc-4d4e-9a8d-d74dbefed911"
        },
        {
            "Type": "command",
            "Command": "/setblock -829 238 61 backrooms:keyelectro",
            "X": -312,
            "Title": "2",
            "Y": 136,
            "Id": "1d576150-9463-494f-a1de-d4e52bc93b43"
        },
        {
            "Type": "command",
            "Command": "/setblock -850 238 77 backrooms:keyelectro 15",
            "X": -430,
            "Title": "1",
            "Y": 140,
            "Id": "a9fc3249-1697-4285-8397-e7499418048b"
        },
        {
            "Type": "command",
            "Command": "/setblock -854 243 47 backrooms:keyelectro 10",
            "X": 196,
            "Title": "6",
            "Y": 130,
            "Id": "c671dcb6-1d8e-42be-9bad-5c4bec8fbf14"
        },
        {
            "Type": "switch",
            "Expression": "floor(random(0, 8))",
            "X": 43,
            "Title": "random(electro)",
            "Y": -429,
            "Relations": [
                "a9fc3249-1697-4285-8397-e7499418048b",
                "1d576150-9463-494f-a1de-d4e52bc93b43",
                "bf5bf7c2-2b9c-4195-8fe4-57c1665763d5",
                "b15e0b77-9c87-47f7-a1cd-8fc4ca6798ca",
                "bf20762c-1e84-4c1b-9929-b4ad0ca85379",
                "c671dcb6-1d8e-42be-9bad-5c4bec8fbf14",
                "99cb897f-a293-4a76-bcee-49824e6117b5",
                "0bc61942-a7bc-4d4e-9a8d-d74dbefed911",
                "95e7f65f-83ba-4725-baca-af2f54a932d0"
            ],
            "Id": "61be1226-5dc3-470e-84ce-16fac9607d8a"
        },
        {
            "Type": "command",
            "Command": "/setblock -835 238 63 backrooms:keyelectro",
            "X": 613,
            "Title": "8",
            "Y": 126,
            "Id": "95e7f65f-83ba-4725-baca-af2f54a932d0"
        },
        {
            "Type": "command",
            "Command": "/setblock -850 238 77 backrooms:keyelectro",
            "X": -64,
            "Title": "4",
            "Y": 138,
            "Id": "b15e0b77-9c87-47f7-a1cd-8fc4ca6798ca"
        }
    ]
}