{
    "Main": "5702e2dc-88ab-4d7e-8882-987fd3f3a254",
    "Nodes": [
        {
            "Type": "command",
            "Command": "/execute @s ~ ~ ~ /setblock -822 232 49 backrooms:keylibray",
            "X": 196,
            "Title": "3",
            "Y": 216,
            "Relations": [
                "ab22f0df-3d76-4412-9ef2-0f014df3d517"
            ],
            "Id": "3a1efd94-4323-422a-a2d5-b29a18c2828e"
        },
        {
            "Type": "switch",
            "Expression": "floor(random(0, 4))",
            "X": 24,
            "Title": "library",
            "Y": 14,
            "Relations": [
                "eebeac1a-294e-46b8-b4c9-96e97e341a5f",
                "ab790e54-2466-4974-918c-17d5b8862f5a",
                "301d7a46-d943-4bd1-b5f8-4ce4d0068a5b",
                "3a1efd94-4323-422a-a2d5-b29a18c2828e",
                "327cb447-97e3-4352-a7b4-0c321e31368e"
            ],
            "Id": "5702e2dc-88ab-4d7e-8882-987fd3f3a254"
        },
        {
            "Type": "command",
            "Command": "/execute @s ~ ~ ~ /setblock -822 232 49 backrooms:keylibray",
            "X": 386,
            "Title": "3",
            "Y": 192,
            "Relations": [
                "ab22f0df-3d76-4412-9ef2-0f014df3d517"
            ],
            "Id": "327cb447-97e3-4352-a7b4-0c321e31368e"
        },
        {
            "Type": "command",
            "Command": "/execute @s ~ ~ ~ /setblock -829 238 61 backrooms:keylibray",
            "X": 68,
            "Title": "1",
            "Y": 559,
            "Id": "4223665c-709a-420f-ac6a-fa64b32f2d8c"
        },
        {
            "Type": "command",
            "Command": "/execute @s ~ ~ ~ /setblock -813 234 63 backrooms:keylibray",
            "X": 84,
            "Title": "2",
            "Y": 152,
            "Relations": [
                "ab22f0df-3d76-4412-9ef2-0f014df3d517"
            ],
            "Id": "301d7a46-d943-4bd1-b5f8-4ce4d0068a5b"
        },
        {
            "Type": "command",
            "Command": "/execute @s ~ ~ ~ /setblock -813 234 63 backrooms:keylibray",
            "X": -48,
            "Title": "0",
            "Y": 562,
            "Id": "ef42547b-8a4d-4ac0-9585-3f20fbfd8914"
        },
        {
            "Type": "command",
            "Command": "/execute @s ~ ~ ~ /setblock -814 233 53 backrooms:keylibray",
            "X": -140,
            "Title": "0",
            "Y": 150,
            "Relations": [
                "ab22f0df-3d76-4412-9ef2-0f014df3d517"
            ],
            "Id": "eebeac1a-294e-46b8-b4c9-96e97e341a5f"
        },
        {
            "Type": "command",
            "Command": "/execute @s ~ ~ ~ /setblock -850 244 70 backrooms:keylibray",
            "X": 270,
            "Title": "2",
            "Y": 557,
            "Id": "db344fb1-6c6b-4d5f-9e0b-54648d4f0368"
        },
        {
            "Type": "command",
            "Command": "/execute @s ~ ~ ~ /setblock -832 234 54 backrooms:keylibray",
            "X": -59,
            "Title": "1",
            "Y": 168,
            "Relations": [
                "ab22f0df-3d76-4412-9ef2-0f014df3d517"
            ],
            "Id": "ab790e54-2466-4974-918c-17d5b8862f5a"
        },
        {
            "Type": "command",
            "Command": "/execute @s ~ ~ ~ /setblock -850 244 70 backrooms:keylibray",
            "X": 416,
            "Title": "2",
            "Y": 529,
            "Id": "ff44a3a8-4c50-434d-a314-5afbdabbf8ce"
        },
        {
            "Type": "switch",
            "Expression": "floor(random(0, 3))",
            "X": 129,
            "Title": "library",
            "Y": 393,
            "Relations": [
                "ef42547b-8a4d-4ac0-9585-3f20fbfd8914",
                "4223665c-709a-420f-ac6a-fa64b32f2d8c",
                "db344fb1-6c6b-4d5f-9e0b-54648d4f0368",
                "ff44a3a8-4c50-434d-a314-5afbdabbf8ce"
            ],
            "Id": "ab22f0df-3d76-4412-9ef2-0f014df3d517"
        }
    ]
}