{
    "Main": "2483340f-5dcf-4fc3-a984-facde987e579",
    "Nodes": [
        {
            "Type": "command",
            "Command": "/mp event trigger @a game_over",
            "X": -88,
            "Title": "",
            "Y": 145,
            "Id": "27997d29-09fa-4dff-9ee6-de82a24858e8"
        },
        {
            "Type": "command",
            "Command": "/modelblock morph -839 237 5 {Skin:\"c.s:lift_closed/skins/texture.png\",Name:\"chameleon.lift_closed\"}",
            "X": 317,
            "Title": "",
            "Y": -15,
            "Relations": [
                "e9a17c80-7b80-4e8a-b894-83964feb8746"
            ],
            "Id": "95c9786b-f80c-438e-ac59-975a529a321d"
        },
        {
            "Type": "timer",
            "Timer": 180,
            "X": 120,
            "Title": "",
            "Y": 101,
            "Relations": [
                "27997d29-09fa-4dff-9ee6-de82a24858e8"
            ],
            "Id": "e9a17c80-7b80-4e8a-b894-83964feb8746"
        },
        {
            "Type": "command",
            "Command": "/tp @s ~ ~ ~ 360 0",
            "X": -94,
            "Title": "",
            "Y": -254,
            "Relations": [
                "1545b0a7-cad1-41bd-a371-a3b6be605623"
            ],
            "Id": "2483340f-5dcf-4fc3-a984-facde987e579"
        },
        {
            "Type": "command",
            "Command": "fill -839 238 4 -838 237 4 minecraft:barrier",
            "X": 140,
            "Title": "",
            "Y": -134,
            "Relations": [
                "95c9786b-f80c-438e-ac59-975a529a321d"
            ],
            "Id": "1545b0a7-cad1-41bd-a371-a3b6be605623"
        }
    ]
}