{
    "Main": "cc1242df-bfe8-4127-a99e-34a74beb5b6f",
    "Nodes": [
        {
            "Type": "trigger",
            "Trigger": {
                "Blocks": [
                    {
                        "Type": "command",
                        "Command": "/setblock -847 234 67 air",
                        "Frequency": 1
                    },
                    {
                        "Type": "command",
                        "Command": "/setblock -817 244 64 air",
                        "Frequency": 1
                    },
                    {
                        "Type": "command",
                        "Command": "/setblock -850 238 77 air",
                        "Frequency": 1
                    }
                ]
            },
            "Cancel": 0b,
            "X": 55,
            "CustomData": "",
            "Title": "batarey",
            "Y": -2520,
            "Relations": [
                "0d7f5b32-faf1-4b81-8bf1-1cbc813ace51"
            ],
            "Id": "b55cf69b-cf95-4ce0-a5d9-5a8527155bfb"
        },
        {
            "Type": "trigger",
            "Trigger": {
                "Blocks": [
                    {
                        "Type": "command",
                        "Command": "/setblock -819 244 72 air",
                        "Frequency": 1
                    },
                    {
                        "Type": "command",
                        "Command": "/setblock -829 238 61 air",
                        "Frequency": 1
                    },
                    {
                        "Type": "command",
                        "Command": "/setblock -832 234 53 air",
                        "Frequency": 1
                    },
                    {
                        "Type": "command",
                        "Command": "/setblock -852 238 77 air",
                        "Frequency": 1
                    },
                    {
                        "Type": "command",
                        "Command": "/setblock -840 244 59 air",
                        "Frequency": 1
                    },
                    {
                        "Type": "command",
                        "Command": "/setblock -854 243 47 air",
                        "Frequency": 1
                    },
                    {
                        "Type": "command",
                        "Command": "/setblock -851 238 67 air",
                        "Frequency": 1
                    },
                    {
                        "Type": "command",
                        "Command": "/setblock -835 238 63 air",
                        "Frequency": 1
                    }
                ]
            },
            "Cancel": 0b,
            "X": 52,
            "CustomData": "",
            "Title": "keyelectro",
            "Y": -2721,
            "Relations": [
                "e5c1bf9d-9a48-4e33-bdf9-1e2c815b6add"
            ],
            "Id": "b46b0b91-033a-45d3-b082-d9acf1915f0d"
        },
        {
            "Type": "trigger",
            "Trigger": {
                "Blocks": [
                    {
                        "Type": "command",
                        "Command": "/setblock -832 238 47 air",
                        "Frequency": 1
                    },
                    {
                        "Type": "command",
                        "Command": "/setblock -845 244 59 air",
                        "Frequency": 1
                    },
                    {
                        "Type": "command",
                        "Command": "/setblock -827 232 54 air",
                        "Frequency": 1
                    },
                    {
                        "Type": "command",
                        "Command": "/setblock -857 233 65 air",
                        "Frequency": 1
                    },
                    {
                        "Type": "command",
                        "Command": "/setblock -838 237 64 air",
                        "Frequency": 1
                    },
                    {
                        "Type": "command",
                        "Command": "/setblock -832 234 54 air",
                        "Frequency": 1
                    },
                    {
                        "Type": "command",
                        "Command": "/setblock -847 244 73 air",
                        "Frequency": 1
                    },
                    {
                        "Type": "command",
                        "Command": "/setblock -829 238 61 air",
                        "Frequency": 1
                    },
                    {
                        "Type": "command",
                        "Command": "/setblock -850 238 80 air",
                        "Frequency": 1
                    }
                ]
            },
            "Cancel": 0b,
            "X": 157,
            "CustomData": "",
            "Title": "spawn1",
            "Y": -2610,
            "Relations": [
                "e1776cc9-4f48-445a-80e3-64a556080dc0"
            ],
            "Id": "276bc8ac-a4ee-4c91-a8a1-e493e46731af"
        },
        {
            "Type": "trigger",
            "Trigger": {
                "Blocks": [
                    {
                        "Type": "command",
                        "Command": "/setblock -857 233 65 air",
                        "Frequency": 1
                    },
                    {
                        "Type": "command",
                        "Command": "/setblock -848 232 46 air",
                        "Frequency": 1
                    },
                    {
                        "Type": "command",
                        "Command": "/setblock -851 238 46 air",
                        "Frequency": 1
                    },
                    {
                        "Type": "command",
                        "Command": "/setblock -839 238 80 air",
                        "Frequency": 1
                    },
                    {
                        "Type": "command",
                        "Command": "/setblock -813 234 63 air",
                        "Frequency": 1
                    },
                    {
                        "Type": "command",
                        "Command": "/setblock -847 244 73 air",
                        "Frequency": 1
                    },
                    {
                        "Type": "command",
                        "Command": "/setblock -829 243 59 air",
                        "Frequency": 1
                    }
                ]
            },
            "Cancel": 0b,
            "X": 181,
            "CustomData": "",
            "Title": "spawn2",
            "Y": -2516,
            "Relations": [
                "f29f3be4-50db-497c-960a-878597ca5371"
            ],
            "Id": "e1776cc9-4f48-445a-80e3-64a556080dc0"
        },
        {
            "Type": "trigger",
            "Trigger": {
                "Blocks": [
                    {
                        "Type": "command",
                        "Command": "/setblock -848 238 63 air",
                        "Frequency": 1
                    },
                    {
                        "Type": "command",
                        "Command": "/setblock -824 244 69 air",
                        "Frequency": 1
                    },
                    {
                        "Type": "command",
                        "Command": "/setblock -829 243 59 air",
                        "Frequency": 1
                    },
                    {
                        "Type": "command",
                        "Command": "/setblock -857 233 65 air",
                        "Frequency": 1
                    },
                    {
                        "Type": "command",
                        "Command": "/setblock -827 232 54 air",
                        "Frequency": 1
                    },
                    {
                        "Type": "command",
                        "Command": "/setblock -813 234 63 air",
                        "Frequency": 1
                    },
                    {
                        "Type": "command",
                        "Command": "/setblock -847 244 73 air",
                        "Frequency": 1
                    },
                    {
                        "Type": "command",
                        "Command": "/setblock -814 233 53 air",
                        "Frequency": 1
                    },
                    {
                        "Type": "command",
                        "Command": "/setblock -839 234 59 air",
                        "Frequency": 1
                    },
                    {
                        "Type": "command",
                        "Command": "/setblock -841 234 43 air",
                        "Frequency": 1
                    },
                    {
                        "Type": "command",
                        "Command": "/setblock -848 245 47 air",
                        "Frequency": 1
                    },
                    {
                        "Type": "command",
                        "Command": "setblock -821 235 66 air",
                        "Frequency": 1
                    },
                    {
                        "Type": "command",
                        "Command": "/setblock -836 244 47 air",
                        "Frequency": 1
                    }
                ]
            },
            "Cancel": 0b,
            "X": 157,
            "CustomData": "",
            "Title": "spawn",
            "Y": -2702,
            "Relations": [
                "276bc8ac-a4ee-4c91-a8a1-e493e46731af"
            ],
            "Id": "8a3b730c-ca6e-4a30-8e58-24a842eb6091"
        },
        {
            "Type": "trigger",
            "Trigger": {
                "Blocks": [
                    {
                        "Type": "command",
                        "Command": "/setblock -822 232 49 air",
                        "Frequency": 1
                    },
                    {
                        "Type": "command",
                        "Command": "/setblock -839 232 65 air",
                        "Frequency": 1
                    },
                    {
                        "Type": "command",
                        "Command": "/setblock -811 236 43 air",
                        "Frequency": 1
                    },
                    {
                        "Type": "command",
                        "Command": "/setblock -845 244 59 air",
                        "Frequency": 1
                    },
                    {
                        "Type": "command",
                        "Command": "/setblock -836 238 54 air",
                        "Frequency": 1
                    },
                    {
                        "Type": "command",
                        "Command": "/setblock -847 244 73 air",
                        "Frequency": 1
                    },
                    {
                        "Type": "command",
                        "Command": "/setblock -839 238 80 air",
                        "Frequency": 1
                    },
                    {
                        "Type": "command",
                        "Command": "/setblock -850 244 70 air",
                        "Frequency": 1
                    }
                ]
            },
            "Cancel": 0b,
            "X": 181,
            "CustomData": "",
            "Title": "spawn3",
            "Y": -2418,
            "Relations": [
                "96c2a239-077a-4e66-a2fc-023ca9c01cf5"
            ],
            "Id": "f29f3be4-50db-497c-960a-878597ca5371"
        },
        {
            "Type": "trigger",
            "Trigger": {
                "Blocks": [
                    {
                        "Type": "command",
                        "Command": "setblock -813 233 46 air",
                        "Frequency": 1
                    },
                    {
                        "Type": "command",
                        "Command": "setblock -813 233 46 backrooms:pitaneeoff",
                        "Frequency": 1
                    }
                ]
            },
            "Cancel": 0b,
            "X": 475,
            "CustomData": "",
            "Title": "pitanee",
            "Y": -2656,
            "Relations": [
                "e779d7cb-b381-45af-ac14-da3ae8fbf226"
            ],
            "Id": "d870a814-dceb-4b29-b662-71e7a373b898"
        },
        {
            "Type": "command",
            "Command": "/execute @a ~ ~ ~ /morph @s",
            "X": 486,
            "Title": "",
            "Y": -2391,
            "Id": "45a8541a-317f-4b22-b4a8-c1ef52698409"
        },
        {
            "Type": "trigger",
            "Trigger": {
                "Blocks": [
                    {
                        "Type": "command",
                        "Command": "/setblock -846 237 41 nzpack:tablichkastay 10",
                        "Frequency": 1
                    },
                    {
                        "Type": "command",
                        "Command": "/setblock -824 237 52 nzpack:tablichkastay",
                        "Frequency": 1
                    },
                    {
                        "Type": "command",
                        "Command": "/setblock -840 237 62 nzpack:tablichkastay",
                        "Frequency": 1
                    },
                    {
                        "Type": "command",
                        "Command": "/setblock -845 237 64 nzpack:tablichkastay",
                        "Frequency": 1
                    },
                    {
                        "Type": "command",
                        "Command": "/setblock -855 237 71 nzpack:tablichkastay 10",
                        "Frequency": 1
                    },
                    {
                        "Type": "command",
                        "Command": "/setblock -852 243 58 nzpack:tablichkastay",
                        "Frequency": 1
                    },
                    {
                        "Type": "command",
                        "Command": "/setblock -832 243 55 nzpack:tablichkastay ",
                        "Frequency": 1
                    },
                    {
                        "Type": "command",
                        "Command": "/setblock -833 243 72 nzpack:tablichkastay",
                        "Frequency": 1
                    },
                    {
                        "Type": "command",
                        "Command": "/setblock -823 243 59 nzpack:tablichkastay",
                        "Frequency": 1
                    },
                    {
                        "Type": "command",
                        "Command": "/setblock -840 243 64 nzpack:tablichkastay 10",
                        "Frequency": 1
                    },
                    {
                        "Type": "command",
                        "Command": "/setblock -841 243 44 nzpack:tablichkastay 10",
                        "Frequency": 1
                    },
                    {
                        "Type": "command",
                        "Command": "/setblock -823 243 43 nzpack:tablichkastay",
                        "Frequency": 1
                    },
                    {
                        "Type": "command",
                        "Command": "/setblock -820 232 44 nzpack:tablichkastay 10",
                        "Frequency": 1
                    },
                    {
                        "Type": "command",
                        "Command": "/setblock -842 232 64 nzpack:tablichkastay 10",
                        "Frequency": 1
                    },
                    {
                        "Type": "command",
                        "Command": "/setblock -855 232 60 nzpack:tablichkastay 10",
                        "Frequency": 1
                    }
                ]
            },
            "Cancel": 0b,
            "X": -93,
            "CustomData": "",
            "Title": "tablicha",
            "Y": -2522,
            "Relations": [
                "019e730a-7ca8-4eff-81b5-c0bb75986b6e"
            ],
            "Id": "37dc94b5-47b6-4b5c-be38-c514be82bfc7"
        },
        {
            "Type": "trigger",
            "Trigger": {
                "Blocks": [
                    {
                        "Type": "command",
                        "Command": "fill -839 238 4 -838 237 4 minecraft:air",
                        "Frequency": 1
                    }
                ]
            },
            "Cancel": 0b,
            "X": 476,
            "CustomData": "",
            "Title": "lift",
            "Y": -2541,
            "Relations": [
                "45a8541a-317f-4b22-b4a8-c1ef52698409"
            ],
            "Id": "e779d7cb-b381-45af-ac14-da3ae8fbf226"
        },
        {
            "Type": "trigger",
            "Trigger": {
                "Blocks": [
                    {
                        "Type": "command",
                        "Command": "/setblock -841 237 38 backrooms:turniket 15",
                        "Frequency": 1
                    },
                    {
                        "Type": "command",
                        "Command": "/setblock -837 237 38 backrooms:decorturnikeon 15",
                        "Frequency": 1
                    }
                ]
            },
            "Cancel": 0b,
            "X": 319,
            "CustomData": "",
            "Title": "turniket",
            "Y": -2706,
            "Relations": [
                "ba474dad-ea62-4437-a2f7-9db0f40746e9"
            ],
            "Id": "96c2a239-077a-4e66-a2fc-023ca9c01cf5"
        },
        {
            "Type": "trigger",
            "Trigger": {
                "Blocks": [
                    {
                        "Type": "command",
                        "Command": "/setblock -832 234 53 air",
                        "Frequency": 1
                    },
                    {
                        "Type": "command",
                        "Command": "/setblock -853 238 54 air",
                        "Frequency": 1
                    },
                    {
                        "Type": "command",
                        "Command": "/setblock -829 243 59 air",
                        "Frequency": 1
                    }
                ]
            },
            "Cancel": 0b,
            "X": 52,
            "CustomData": "",
            "Title": "cutter",
            "Y": -2617,
            "Relations": [
                "b55cf69b-cf95-4ce0-a5d9-5a8527155bfb"
            ],
            "Id": "e5c1bf9d-9a48-4e33-bdf9-1e2c815b6add"
        },
        {
            "Type": "trigger",
            "Trigger": {
                "Blocks": [
                    {
                        "Type": "command",
                        "Command": "/setblock -839 237 32 backrooms:doorcloseddow 15",
                        "Frequency": 1
                    },
                    {
                        "Type": "command",
                        "Command": "/setblock -839 238 32 backrooms:doorclosedup 15",
                        "Frequency": 1
                    }
                ]
            },
            "Cancel": 0b,
            "X": 317,
            "CustomData": "",
            "Title": "door_cut",
            "Y": -2598,
            "Relations": [
                "d870a814-dceb-4b29-b662-71e7a373b898"
            ],
            "Id": "ba474dad-ea62-4437-a2f7-9db0f40746e9"
        },
        {
            "Type": "trigger",
            "Trigger": {
                "Blocks": [
                    {
                        "Type": "command",
                        "Command": "/setblock -841 237 60 nzpack:doorgraydown",
                        "Frequency": 1
                    },
                    {
                        "Type": "command",
                        "Command": "/setblock -841 238 60 nzpack:doorgrayup",
                        "Frequency": 1
                    },
                    {
                        "Type": "command",
                        "Command": "/setblock -841 237 69 nzpack:doorgraydown 15",
                        "Frequency": 1
                    },
                    {
                        "Type": "command",
                        "Command": "/setblock -841 238 69 nzpack:doorgrayup 15",
                        "Frequency": 1
                    },
                    {
                        "Type": "command",
                        "Command": "/setblock -848 237 69 nzpack:classdoordefdown 15",
                        "Frequency": 1
                    },
                    {
                        "Type": "command",
                        "Command": "/setblock -848 238 69 nzpack:classdoordef 15",
                        "Frequency": 1
                    },
                    {
                        "Type": "command",
                        "Command": "/setblock -854 237 69 nzpack:classdoordefdown 15",
                        "Frequency": 1
                    },
                    {
                        "Type": "command",
                        "Command": "/setblock -854 238 69 nzpack:classdoordef 15",
                        "Frequency": 1
                    },
                    {
                        "Type": "command",
                        "Command": "/setblock -854 237 75 nzpack:classdoordefdown",
                        "Frequency": 1
                    },
                    {
                        "Type": "command",
                        "Command": "/setblock -854 238 75 nzpack:classdoordef",
                        "Frequency": 1
                    },
                    {
                        "Type": "command",
                        "Command": "/setblock -835 237 38 nzpack:doorglassdown 15",
                        "Frequency": 1
                    },
                    {
                        "Type": "command",
                        "Command": "/setblock -835 238 38 nzpack:doorglassup 15",
                        "Frequency": 1
                    },
                    {
                        "Type": "command",
                        "Command": "/setblock -833 243 46 nzpack:doorglassdown",
                        "Frequency": 1
                    },
                    {
                        "Type": "command",
                        "Command": "/setblock -833 244 46 nzpack:doorglassup",
                        "Frequency": 1
                    },
                    {
                        "Type": "command",
                        "Command": "/setblock -847 243 46 nzpack:classdoordefdown 5",
                        "Frequency": 1
                    },
                    {
                        "Type": "command",
                        "Command": "/setblock -847 244 46 nzpack:classdoordef 5",
                        "Frequency": 1
                    },
                    {
                        "Type": "command",
                        "Command": "/setblock -837 243 51 nzpack:doorglassdown 15",
                        "Frequency": 1
                    },
                    {
                        "Type": "command",
                        "Command": "/setblock -837 244 51 nzpack:doorglassup 15",
                        "Frequency": 1
                    },
                    {
                        "Type": "command",
                        "Command": "/setblock -838 243 55 nzpack:classdoordefdown",
                        "Frequency": 1
                    },
                    {
                        "Type": "command",
                        "Command": "/setblock -838 244 55 nzpack:classdoordef ",
                        "Frequency": 1
                    },
                    {
                        "Type": "command",
                        "Command": "/setblock -826 243 54 nzpack:doorgraydown",
                        "Frequency": 1
                    },
                    {
                        "Type": "command",
                        "Command": "/setblock -826 244 54 nzpack:doorgrayup",
                        "Frequency": 1
                    },
                    {
                        "Type": "command",
                        "Command": "/setblock -823 243 50 nzpack:doorgraydown 15",
                        "Frequency": 1
                    },
                    {
                        "Type": "command",
                        "Command": "/setblock -823 244 50 nzpack:doorgrayup 15",
                        "Frequency": 1
                    },
                    {
                        "Type": "command",
                        "Command": "/setblock -821 243 64 nzpack:doorglassdown 10",
                        "Frequency": 1
                    },
                    {
                        "Type": "command",
                        "Command": "/setblock -826 243 63 nzpack:doorgraydown 15",
                        "Frequency": 1
                    },
                    {
                        "Type": "command",
                        "Command": "/setblock -826 244 63 nzpack:doorgrayup 15",
                        "Frequency": 1
                    },
                    {
                        "Type": "command",
                        "Command": "/setblock -821 244 64 nzpack:doorglassup 10",
                        "Frequency": 1
                    },
                    {
                        "Type": "command",
                        "Command": "/setblock -854 244 51 nzpack:doorgrayup 5",
                        "Frequency": 1
                    },
                    {
                        "Type": "command",
                        "Command": "/setblock -854 243 51 nzpack:doorgraydown 5",
                        "Frequency": 1
                    }
                ]
            },
            "Cancel": 0b,
            "X": -94,
            "CustomData": "",
            "Title": "door1",
            "Y": -2421,
            "Relations": [
                "b46b0b91-033a-45d3-b082-d9acf1915f0d"
            ],
            "Id": "019e730a-7ca8-4eff-81b5-c0bb75986b6e"
        },
        {
            "Type": "trigger",
            "Trigger": {
                "Blocks": [
                    {
                        "Type": "command",
                        "Command": "/setblock -825 244 47 backrooms:med_kitblock 10",
                        "Frequency": 1
                    }
                ]
            },
            "Cancel": 0b,
            "X": 53,
            "CustomData": "",
            "Title": "medkit",
            "Y": -2422,
            "Relations": [
                "8a3b730c-ca6e-4a30-8e58-24a842eb6091"
            ],
            "Id": "0d7f5b32-faf1-4b81-8bf1-1cbc813ace51"
        },
        {
            "Type": "trigger",
            "Trigger": {
                "Blocks": [
                    {
                        "Type": "command",
                        "Command": "/setblock -857 245 51 backrooms:safeclosed 5",
                        "Frequency": 1
                    },
                    {
                        "Type": "command",
                        "Command": "/setblock -816 233 45 nzpack:doorelectriclock 10",
                        "Frequency": 1
                    },
                    {
                        "Type": "command",
                        "Command": "/setblock -852 244 67 nzpack:doorclasslock",
                        "Frequency": 1
                    },
                    {
                        "Type": "command",
                        "Command": "/setblock -835 244 71 nzpack:doorlibrarylock 5",
                        "Frequency": 1
                    },
                    {
                        "Type": "command",
                        "Command": "/setblock -835 243 71 nzpack:doorglassdown 5",
                        "Frequency": 1
                    },
                    {
                        "Type": "command",
                        "Command": "/setblock -836 233 59 backrooms:distoff 5",
                        "Frequency": 1
                    },
                    {
                        "Type": "command",
                        "Command": "/setblock -852 243 67 nzpack:doorglassdown",
                        "Frequency": 1
                    },
                    {
                        "Type": "command",
                        "Command": "/setblock -830 243 71 nzpack:doorglassdown 10",
                        "Frequency": 1
                    },
                    {
                        "Type": "command",
                        "Command": "/setblock -846 244 67 nzpack:doorlibrarylock",
                        "Frequency": 1
                    },
                    {
                        "Type": "command",
                        "Command": "/setblock -816 232 45 nzpack:doorbasementdown 10",
                        "Frequency": 1
                    },
                    {
                        "Type": "command",
                        "Command": "/setblock -830 243 71 nzpack:doorglassdown 10",
                        "Frequency": 1
                    },
                    {
                        "Type": "command",
                        "Command": "/setblock -846 243 67 nzpack:doorglassdown",
                        "Frequency": 1
                    },
                    {
                        "Type": "command",
                        "Command": "/setblock -830 244 71 nzpack:doorclasslock 10",
                        "Frequency": 1
                    },
                    {
                        "Type": "command",
                        "Command": "/setblock -833 238 60 nzpack:doorclasslock",
                        "Frequency": 1
                    },
                    {
                        "Type": "command",
                        "Command": "/setblock -833 237 60 nzpack:doorglassdown",
                        "Frequency": 1
                    },
                    {
                        "Type": "command",
                        "Command": "/setblock -841 237 75 nzpack:doorglassdown",
                        "Frequency": 1
                    },
                    {
                        "Type": "command",
                        "Command": "/setblock -841 238 75 nzpack:doorclasslock",
                        "Frequency": 1
                    },
                    {
                        "Type": "command",
                        "Command": "/setblock -857 238 63 nzpack:doorbasementuplock",
                        "Frequency": 1
                    },
                    {
                        "Type": "command",
                        "Command": "/setblock -857 237 63 nzpack:doorbasementdown",
                        "Frequency": 1
                    },
                    {
                        "Type": "command",
                        "Command": "/setblock -816 237 44 nzpack:doorbasementdown 10",
                        "Frequency": 1
                    },
                    {
                        "Type": "command",
                        "Command": "/setblock -816 238 44 nzpack:doorbasementuplock 10",
                        "Frequency": 1
                    },
                    {
                        "Type": "command",
                        "Command": "/setblock -816 232 45 nzpack:doorbasementdown 10",
                        "Frequency": 1
                    },
                    {
                        "Type": "command",
                        "Command": "/setblock -816 233 45 nzpack:doorelectriclock 10",
                        "Frequency": 1
                    }
                ]
            },
            "Cancel": 0b,
            "X": -104,
            "CustomData": "",
            "Title": "door",
            "Y": -2639,
            "Relations": [
                "37dc94b5-47b6-4b5c-be38-c514be82bfc7"
            ],
            "Id": "cc1242df-bfe8-4127-a99e-34a74beb5b6f"
        }
    ]
}