{
    "Main": "249b6ed8-545f-4890-aa49-835ce67e3e0c",
    "Nodes": [
        {
            "Type": "trigger",
            "Trigger": {
                "Blocks": [
                    {
                        "Type": "event",
                        "CustomData": "",
                        "Frequency": 1,
                        "Event": "library"
                    }
                ]
            },
            "Cancel": 0b,
            "X": 311,
            "CustomData": "",
            "Title": "library",
            "Y": 1506,
            "Relations": [
                "a4444761-9edd-479e-850a-3639cf77a5a1"
            ],
            "Id": "30511ded-0e52-47c5-b028-e5272dac111a"
        },
        {
            "Type": "trigger",
            "Trigger": {
                "Blocks": [
                    {
                        "Type": "event",
                        "CustomData": "",
                        "Frequency": 1,
                        "Event": "basement"
                    }
                ]
            },
            "Cancel": 0b,
            "X": 416,
            "CustomData": "",
            "Title": "basement",
            "Y": 1742,
            "Id": "a4444761-9edd-479e-850a-3639cf77a5a1"
        },
        {
            "Type": "trigger",
            "Trigger": {
                "Blocks": [
                    {
                        "Type": "event",
                        "CustomData": "",
                        "Frequency": 1,
                        "Event": "classroom2"
                    }
                ]
            },
            "Cancel": 0b,
            "X": 161,
            "CustomData": "",
            "Title": "classroom2",
            "Y": 1240,
            "Relations": [
                "30511ded-0e52-47c5-b028-e5272dac111a"
            ],
            "Id": "0668d436-3272-4874-b697-4eac4bf9eec0"
        },
        {
            "Type": "trigger",
            "Trigger": {
                "Blocks": [
                    {
                        "Type": "event",
                        "CustomData": "",
                        "Frequency": 1,
                        "Event": "classroom1"
                    }
                ]
            },
            "Cancel": 0b,
            "X": 69,
            "CustomData": "",
            "Title": "classroom1",
            "Y": 927,
            "Relations": [
                "0668d436-3272-4874-b697-4eac4bf9eec0"
            ],
            "Id": "249b6ed8-545f-4890-aa49-835ce67e3e0c"
        }
    ]
}