{
    "Main": "9a035f95-df27-4215-aa44-fc0b757df692",
    "Nodes": [
        {
            "Type": "command",
            "Command": "/execute @a[team=msr] ~ ~ ~ /morph @a[team=msr] chameleon.j159b {Hitbox:{Eye:0.9f,Sneak:2.0f,Enabled:1b,Height:2.2f},Skin:\"c.s:j159b/skins/texture.png\",BodyParts:[{R:[0.0f,0.0f,0.0f],Target:1b,S:[0.045f,0.045f,0.045f],T:[0.0f,-0.02f,0.02f],Limb:\"leye\",Morph:{Meta:2b,Hitbox:{Eye:0.9f,Sneak:1.65f,Height:1.8f,Width:0.01f},Lighting:0b,Block:\"blockbuster:dim_green\",Name:\"block\"}}]}",
            "X": 366,
            "Title": "morph",
            "Y": -516,
            "Relations": [
                "83456528-c420-4b6e-9cd9-45e20e460a40"
            ],
            "Id": "9a035f95-df27-4215-aa44-fc0b757df692"
        },
        {
            "Type": "command",
            "Command": "/execute @a[team=surv] ~ ~ ~ /scoreboard players set @a[team=surv] batarey 1",
            "X": 708,
            "Title": "",
            "Y": 204,
            "Id": "9babdb43-6c73-46e0-a2df-814770b90b72"
        },
        {
            "Type": "command",
            "Command": "gamemode 2 @a",
            "X": 348,
            "Title": "",
            "Y": -94,
            "Relations": [
                "2a757f02-e628-4add-a01f-919bf00be673"
            ],
            "Id": "83456528-c420-4b6e-9cd9-45e20e460a40"
        },
        {
            "Type": "command",
            "Command": "/execute @a ~ ~ ~ /effect @a minecraft:blindness 3 3 true",
            "X": 406,
            "Title": "",
            "Y": 62,
            "Relations": [
                "1754b5c8-84e3-4833-8427-9d3f5ff7755c"
            ],
            "Id": "2a757f02-e628-4add-a01f-919bf00be673"
        },
        {
            "Type": "command",
            "Command": "/execute @a ~ ~ ~ /effect @a minecraft:regeneration 5 5 true",
            "X": 760,
            "Title": "",
            "Y": -4,
            "Relations": [
                "9babdb43-6c73-46e0-a2df-814770b90b72"
            ],
            "Id": "1754b5c8-84e3-4833-8427-9d3f5ff7755c"
        }
    ]
}