{"stat.walkOneCm":232084,"stat.playerKills":1,"stat.pickup.minecraft.stick":1,"stat.pickup.slasher.shotgungun":1,"stat.leaveGame":12,"stat.drop.minecraft.porkchop":3,"stat.pickup.slasher.petarditem":1,"stat.jump":881,"stat.fallOneCm":9065,"stat.pickup.minecraft.porkchop":3,"stat.crouchOneCm":39483,"stat.sprintOneCm":508295,"stat.useItem.minecraft.stone_slab2":10,"stat.drop.minecraft.potion":1,"stat.pickup.slasher.ammoitem":61,"stat.useItem.minecraft.flint_and_steel":161,"stat.damageTaken":160,"stat.useItem.slasher.monsterweaponn":10,"stat.flyOneCm":191099,"stat.deaths":1,"stat.drop":5,"stat.playOneMinute":146863,"stat.sneakTime":10101,"stat.damageDealt":452,"stat.timeSinceDeath":107377,"stat.drop.minecraft.stick":1}