{"stat.useItem.chiselsandbits.chiseled_wood":959,"stat.useItem.minecraft.quartz_block":7,"stat.leaveGame":78,"stat.useItem.chisel.glasspane":3,"stat.useItem.blockbuster.green":15,"stat.pickup.nz.batteryblock":1,"stat.useItem.blockbuster.model":120,"stat.drop.minecraft.enchanted_book":1,"stat.killEntity.blockbuster.Actor":3,"stat.useItem.minecraft.planks":26,"stat.useItem.chisel.brownstone":347,"stat.useItem.slasher.ambientblock":36,"stat.useItem.chisel.bricks2":20,"stat.useItem.chisel.bricks1":1,"stat.useItem.chisel.concrete_white":18,"stat.pickup.minecraft.rotten_flesh":5,"stat.useItem.minecraft.golden_sword":13,"stat.useItem.backrooms.turniketondecor":5,"stat.useItem.slasher.doorcloseddown":1,"stat.useItem.backrooms.sound":1,"stat.useItem.minecraft.rail":17,"stat.useItem.chiselsandbits.chiseled_cloth":390,"stat.useItem.backrooms.dooropenup":4,"stat.pickup.mappet.trigger":2,"stat.useItem.minecraft.anvil":1,"stat.useItem.backrooms.keyelectro":4,"stat.useItem.chisel.basalt":2,"stat.pickup.chiselsandbits.chiseled_wood":3,"stat.useItem.nzpack.doorbasementdown":7,"stat.useItem.blockbuster.dim_green":12,"stat.useItem.chisel.endstone":10,"stat.useItem.minecraft.spawn_egg":18,"stat.useItem.backrooms.med_kit":4,"stat.pickup.chiselsandbits.chiseled_glass":1,"stat.useItem.minecraft.oak_stairs":1,"stat.pickup.nzpack.tablichkastay":2,"stat.useItem.minecraft.redstone":22,"stat.useItem.chiselsandbits.chiseled_grass":3,"stat.useItem.minecraft.stained_glass":7,"stat.pickup.mappet.region":384,"stat.useItem.minecraft.stone_stairs":1,"stat.pickup.minecraft.skull":1,"stat.useItem.minecraft.dark_oak_door":17,"stat.killEntity.Husk":2,"stat.pickup.chiselsandbits.chiseled_rock":3,"stat.useItem.chiselsandbits.chiseled_rock":9389,"stat.drop.chiselsandbits.block_bit":3,"stat.deaths":8,"stat.useItem.chisel.laboratory":24,"stat.playOneMinute":4792769,"stat.pickup.minecraft.birch_door":3,"stat.drop.backrooms.batareyblock":1,"stat.useItem.nzpack.doorgraydown":16,"stat.useItem.backrooms.doorcloseddow":11,"stat.useItem.slasher.medkitblock":1,"stat.chestOpened":38,"stat.pickup.minecraft.spruce_door":3,"stat.useItem.minecraft.stone":145,"stat.useItem.nz.closedup":1,"stat.useItem.backrooms.turnstileoff":27,"stat.useItem.nzpack.doorgrayup":16,"stat.fallOneCm":8730,"stat.useItem.minecraft.trapped_chest":1,"stat.crouchOneCm":341816,"stat.useItem.nzpack.doorelectriclock":6,"stat.useItem.backrooms.doorclosedup":13,"stat.useItem.backrooms.pitaneeon":4,"stat.useItem.chisel.andesite1":53,"stat.pickup.minecraft.wheat_seeds":1,"stat.useItem.backrooms.decorturnikeon":1,"stat.useItem.backrooms.key_cardblock":6,"stat.useItem.minecraft.wool":46,"stat.useItem.nzpack.doorlibrarylock":12,"stat.useItem.minecraft.torch":12,"stat.useItem.backrooms.timer_block":4,"stat.useItem.minecraft.log":6,"stat.useItem.minecraft.cobblestone":16,"stat.useItem.minecraft.gravel":12,"stat.useItem.nz.chipblock":1,"stat.pickup.chiselsandbits.chiseled_cloth":1,"stat.useItem.chisel.bricks":40,"stat.useItem.minecraft.birch_door":5,"stat.useItem.nzpack.tablichkastay":82,"stat.useItem.chiselsandbits.chiseled_clay":34,"stat.killEntity.PolarBear":1,"stat.useItem.minecraft.barrier":18,"stat.useItem.slasher.doorclosedup":1,"stat.useItem.minecraft.jungle_door":3,"stat.useItem.slasher.monsterweaponn":28,"stat.useItem.backrooms.batareyblock":9,"stat.useItem.nzpack.classdoordefdown":10,"stat.useItem.minecraft.stonebrick":2,"stat.useItem.chisel.basalt2":37,"stat.drop.nzpack.tablichkastay":1,"stat.useItem.minecraft.spruce_door":8,"stat.useItem.nz.timerblock":3,"stat.sneakTime":190022,"stat.useItem.slasher.shotgunblock":1,"stat.pickup.minecraft.yellow_flower":1,"stat.useItem.backrooms.keylibray":39,"stat.useItem.backrooms.noteblock":1,"stat.useItem.chiselsandbits.block_bit":14308,"stat.useItem.chisel.concrete_brown":1,"stat.swimOneCm":3409,"stat.useItem.minecraft.concrete_powder":3,"stat.pickup.minecraft.enchanted_book":1,"stat.climbOneCm":1054,"stat.useItem.backrooms.safeopen":10,"stat.pickup.minecraft.writable_book":1,"stat.useItem.minecraft.dirt":22,"stat.drop.minecraft.writable_book":1,"stat.useItem.minecraft.stone_slab2":9434,"stat.useItem.chiselsandbits.chiseled_sand":465,"stat.useItem.backrooms.diston":3,"stat.useItem.nzpack.doorglassdown":27,"stat.useItem.backrooms.safeclosed":16,"stat.useItem.minecraft.iron_ore":1,"stat.useItem.backrooms.cutterblock":2,"stat.flyOneCm":14429421,"stat.useItem.chiselsandbits.chiseled_iron":1,"stat.pickup.minecraft.fish":2,"stat.useItem.chisel.endstone1":2,"stat.useItem.nzpack.doorglassup":13,"stat.pickup.minecraft.redstone":1,"stat.timeSinceDeath":1031880,"stat.useItem.minecraft.sign":4,"stat.pickup.chiselsandbits.block_bit":261,"stat.useItem.chiselsandbits.chiseled_glass":188,"stat.useItem.slasher.generator1":1,"stat.pickup.minecraft.dark_oak_door":5,"stat.drop.chiselsandbits.chiseled_rock":1,"stat.useItem.slasher.generator0":1,"stat.useItem.minecraft.sea_lantern":1,"stat.useItem.nzpack.mina":5,"stat.sprintOneCm":2721822,"stat.useItem.minecraft.diamond_block":36,"stat.useItem.mappet.trigger":12,"stat.useItem.backrooms.safeunlock":1,"stat.useItem.nz.fuseblock":1,"stat.useItem.minecraft.stone_slab":4,"stat.useItem.nzpack.doorbasementuplock":2,"stat.useItem.backrooms.med_kitblock":12,"stat.useItem.nz.button":4,"stat.useItem.minecraft.wooden_shovel":2,"stat.pickup.chisel.laboratory":1,"stat.drop":10,"stat.useItem.chiselsandbits.chiseled_ground":3,"stat.useItem.backrooms.dooropendown":3,"stat.pickup.minecraft.stone_button":3,"stat.useItem.mappet.npc_tool":3,"stat.useItem.minecraft.ladder":7,"stat.killEntity.Zombie":7,"stat.useItem.backrooms.keyclassroom":33,"stat.useItem.mappet.region":24,"stat.diveOneCm":34,"stat.useItem.backrooms.turniket":1,"stat.pickup.minecraft.sign":2,"stat.useItem.mappet.emitter":1,"stat.useItem.backrooms.distoff":2,"stat.useItem.chisel.concrete_cyan":1,"stat.useItem.minecraft.bedrock":1,"stat.jump":6220,"stat.useItem.minecraft.sand":24,"stat.useItem.slasher.timerblock":2,"stat.useItem.slasher.bateblock":1,"stat.useItem.minecraft.stone_button":8,"stat.pickup.minecraft.iron_ore":2,"stat.useItem.minecraft.glass":1,"stat.pickup.backrooms.batareyblock":1,"stat.pickup.nz.gascan":1,"stat.damageTaken":700,"stat.useItem.minecraft.gold_block":1,"stat.useItem.nz.keyblock":1,"stat.useItem.backrooms.keybasement":16,"stat.useItem.chisel.glass":1,"stat.entityKilledBy.Zombie":1,"stat.useItem.chisel.concrete_lightgray1":1,"stat.damageDealt":3156,"stat.useItem.backrooms.pitaneeoff":9,"stat.killEntity.Cow":1,"stat.useItem.nz.chipblockfuse":1,"stat.useItem.minecraft.command_block":21,"stat.walkOneCm":5833867,"stat.useItem.chisel.concrete_white1":114,"stat.useItem.minecraft.chest":1,"stat.useItem.slasher.radio_block_off":1,"stat.useItem.minecraft.pumpkin":4,"stat.useItem.minecraft.emerald_block":12,"stat.useItem.minecraft.stained_hardened_clay":65,"stat.useItem.minecraft.concrete":335,"stat.useItem.chisel.planks-birch":30,"stat.useItem.nzpack.classdoordef":12,"stat.useItem.backrooms.turnstileon":9,"stat.useItem.minecraft.iron_block":8,"stat.useItem.nzpack.doorclasslock":8,"stat.drop.chiselsandbits.chiseled_glass":1,"stat.mobKills":14,"stat.useItem.minecraft.golden_apple":4,"stat.useItem.nz.closeddown":2,"stat.useItem.chiselsandbits.chiseled_leaves":4,"stat.pickup.minecraft.diamond":46,"stat.useItem.minecraft.writable_book":1,"stat.pickup.minecraft.torch":5,"stat.pickup.chisel.temple":1,"stat.useItem.backrooms.fredy":2}