{"stat.walkOneCm":252654,"stat.playerKills":1,"stat.useItem.backrooms.med_kit":1,"stat.leaveGame":9,"stat.damageTaken":708,"stat.useItem.slasher.monsterweaponn":6,"stat.flyOneCm":179984,"stat.deaths":2,"stat.drop.nzpack.keyclassroom":2,"stat.drop":3,"stat.jump":677,"stat.playOneMinute":98311,"stat.fallOneCm":7290,"stat.drop.nzpack.key_library":1,"stat.sneakTime":5762,"stat.pickup.nzpack.keyclassroom":3,"stat.damageDealt":396,"stat.crouchOneCm":21307,"stat.pickup.nzpack.key_library":1,"stat.timeSinceDeath":8224,"stat.sprintOneCm":249206}