{"stat.walkOneCm":97671,"stat.leaveGame":2,"stat.damageTaken":10,"stat.useItem.chiselsandbits.block_bit":10,"stat.useItem.chiselsandbits.chiseled_cloth":8,"stat.useItem.chiselsandbits.chiseled_rock":54,"stat.drop.chiselsandbits.block_bit":64,"stat.flyOneCm":179276,"stat.deaths":2,"stat.drop":2,"stat.jump":136,"stat.playOneMinute":32062,"stat.fallOneCm":335,"stat.sneakTime":366,"stat.crouchOneCm":895,"stat.timeSinceDeath":3813,"stat.sprintOneCm":22534,"stat.useItem.minecraft.stone_slab2":45,"stat.pickup.chiselsandbits.block_bit":129}