{"stat.chestOpened":7,"stat.useItem.chiselsandbits.chiseled_wood":30,"stat.walkOneCm":1769091,"stat.playerKills":1,"stat.useItem.backrooms.med_kit":1,"stat.useItem.chiselsandbits.chiseled_glass":20,"stat.leaveGame":16,"stat.drop.chiselsandbits.chiseled_rock":1,"stat.useItem.chiselsandbits.block_bit":982,"stat.pickup.slasher.monsterweaponn":1,"stat.pickup.blockbuster.model":1,"stat.mineBlock.blockbuster.model":1,"stat.jump":1817,"stat.swimOneCm":231,"stat.fallOneCm":11956,"stat.crouchOneCm":145358,"stat.sprintOneCm":975005,"stat.useItem.minecraft.stone_slab2":247,"stat.useItem.chiselsandbits.chiseled_sand":25,"stat.drop.slasher.monsterweaponn":2,"stat.useItem.slasher.bateweapon":3,"stat.damageTaken":969,"stat.useItem.slasher.monsterweaponn":5,"stat.pickup.chiselsandbits.chiseled_rock":6,"stat.useItem.chiselsandbits.chiseled_cloth":8,"stat.pickup.nzpack.keyelectric":1,"stat.useItem.chiselsandbits.chiseled_rock":234,"stat.flyOneCm":2463643,"stat.deaths":2,"stat.drop":3,"stat.playOneMinute":676008,"stat.useItem.mappet.npc_tool":2,"stat.sneakTime":34014,"stat.useItem.chiselsandbits.tape_measure":3,"stat.damageDealt":482,"stat.timeSinceDeath":118522}