{"stat.chestOpened":1,"stat.useItem.chiselsandbits.chiseled_wood":8,"stat.drop.nzpack.keyelectric":1,"stat.pickup.minecraft.sign":1,"stat.leaveGame":78,"stat.useItem.chiselsandbits.block_bit":894,"stat.drop.nzpack.keyclassroom":1,"stat.jump":6261,"stat.swimOneCm":521,"stat.fallOneCm":47662,"stat.pickup.minecraft.porkchop":3,"stat.crouchOneCm":127132,"stat.useItem.minecraft.stone_slab2":456,"stat.useItem.chiselsandbits.chiseled_sand":90,"stat.useItem.slasher.panweapon":4,"stat.pickup.backrooms.key_card":1,"stat.pickup.nzpack.key_basement":1,"stat.damageTaken":1083,"stat.useItem.chiselsandbits.chiseled_cloth":19,"stat.flyOneCm":10137623,"stat.pickup.nzpack.keyclassroom":2,"stat.damageDealt":1624,"stat.timeSinceDeath":425653,"stat.useItem.minecraft.spawn_egg":5,"stat.killEntity.Pig":1,"stat.pickup.minecraft.mutton":2,"stat.pickup.chiselsandbits.block_bit":1,"stat.walkOneCm":1632395,"stat.playerKills":5,"stat.useItem.backrooms.med_kit":1,"stat.useItem.chiselsandbits.chiseled_glass":3,"stat.drop.chiselsandbits.chiseled_rock":2,"stat.pickup.slasher.monsterweaponn":1,"stat.pickup.nzpack.tablichkastay":5,"stat.drop.backrooms.key_card":1,"stat.useItem.chiselsandbits.chiseled_grass":6,"stat.shulkerBoxOpened":4,"stat.pickup.minecraft.sapling":1,"stat.sprintOneCm":1552009,"stat.drop.slasher.monsterweaponn":1,"stat.useItem.nzpack.tablichkastay":17,"stat.useItem.chiselsandbits.chiseled_clay":21,"stat.pickup.minecraft.potion":1,"stat.pickup.minecraft.grass":1,"stat.pickup.mappet.npc_tool":2,"stat.useItem.slasher.monsterweaponn":35,"stat.pickup.chiselsandbits.chiseled_rock":2,"stat.pickup.backrooms.batarey":2,"stat.mobKills":1,"stat.useItem.chiselsandbits.chiseled_rock":237,"stat.drop.chiselsandbits.block_bit":2,"stat.pickup.minecraft.lever":1,"stat.deaths":6,"stat.drop":9,"stat.playOneMinute":2274917,"stat.useItem.mappet.npc_tool":66,"stat.sneakTime":50859,"stat.pickup.minecraft.wool":1,"stat.useItem.chiselsandbits.tape_measure":5,"stat.drop.minecraft.grass":1}