{"stat.leaveGame":48,"stat.useItem.chiselsandbits.block_bit":5,"stat.drop.nzpack.keyclassroom":5,"stat.jump":5589,"stat.swimOneCm":109,"stat.fallOneCm":49622,"stat.drop.nzpack.key_library":1,"stat.crouchOneCm":272595,"stat.useItem.chiselsandbits.chiseled_sand":1,"stat.useItem.minecraft.stone_slab2":326,"stat.useItem.slasher.panweapon":2,"stat.pickup.backrooms.key_card":1,"stat.drop.nzpack.key_basement":1,"stat.damageTaken":2748,"stat.pickup.nzpack.keyelectric":1,"stat.flyOneCm":1601811,"stat.pickup.nzpack.keyclassroom":2,"stat.damageDealt":1212,"stat.drop.backrooms.batarey":2,"stat.timeSinceDeath":29633,"stat.useItem.minecraft.spawn_egg":3,"stat.pickup.chiselsandbits.block_bit":1,"stat.pickup.minecraft.flint_and_steel":2,"stat.useItem.nzpack.skovoroda":9,"stat.killEntity.Bat":1,"stat.walkOneCm":1887532,"stat.playerKills":3,"stat.useItem.backrooms.med_kit":4,"stat.pickup.minecraft.stick":1,"stat.drop.minecraft.flint_and_steel":1,"stat.minecartOneCm":46074,"stat.pickup.nzpack.tablichkastay":8,"stat.useItem.nzpack.mina":1,"stat.pickup.nzpack.key_library":1,"stat.sprintOneCm":2418538,"stat.useItem.nzpack.tablichkastay":7,"stat.pickup.nzpack.mina":1,"stat.useItem.chiselsandbits.chiseled_clay":1,"stat.useItem.minecraft.flint_and_steel":1,"stat.useItem.slasher.monsterweaponn":11,"stat.pickup.backrooms.batarey":1,"stat.mobKills":2,"stat.useItem.chiselsandbits.chiseled_rock":17,"stat.deaths":8,"stat.drop":10,"stat.playOneMinute":1008258,"stat.useItem.mappet.npc_tool":38,"stat.sneakTime":74257,"stat.mineBlock.minecraft.tallgrass":1}