{"stat.chestOpened":16,"stat.useItem.chiselsandbits.chiseled_wood":2,"stat.walkOneCm":250728,"stat.leaveGame":11,"stat.damageTaken":586,"stat.useItem.slasher.monsterweaponn":1,"stat.useItem.chiselsandbits.block_bit":842,"stat.drop.chiselsandbits.chiseled_wood":3,"stat.useItem.chiselsandbits.chiseled_rock":21,"stat.flyOneCm":127196,"stat.drop":4,"stat.jump":535,"stat.drop.minecraft.skull":1,"stat.playOneMinute":107927,"stat.fallOneCm":7611,"stat.sneakTime":2346,"stat.crouchOneCm":8872,"stat.timeSinceDeath":107927,"stat.sprintOneCm":121824,"stat.mineBlock.minecraft.dirt":2,"stat.useItem.minecraft.stone_slab2":2}