{"stat.killEntity.Bat":2,"stat.walkOneCm":329387,"stat.playerKills":2,"stat.leaveGame":9,"stat.useItem.chiselsandbits.block_bit":343,"stat.jump":908,"stat.fallOneCm":6289,"stat.useItem.minecraft.stone_axe":2,"stat.crouchOneCm":22269,"stat.sprintOneCm":304160,"stat.useItem.minecraft.stone_slab2":119,"stat.pickup.mappet.region":381,"stat.useItem.chiselsandbits.chiseled_clay":42,"stat.damageTaken":160,"stat.useItem.slasher.monsterweaponn":15,"stat.useItem.chiselsandbits.chiseled_cloth":2,"stat.mobKills":2,"stat.useItem.chiselsandbits.chiseled_rock":21,"stat.flyOneCm":1038643,"stat.pickup.minecraft.diamond":16,"stat.playOneMinute":599017,"stat.sneakTime":9156,"stat.pickup.nzpack.keyclassroom":1,"stat.pickup.chiselsandbits.tape_measure":1,"stat.damageDealt":788,"stat.useItem.chiselsandbits.tape_measure":20,"stat.timeSinceDeath":599017}