{"stat.walkOneCm":60450,"stat.drop.nzpack.key_basement":1,"stat.useItem.chiselsandbits.chiseled_clay":1,"stat.playerKills":1,"stat.leaveGame":1,"stat.damageTaken":430,"stat.drop.minecraft.flint_and_steel":1,"stat.useItem.slasher.monsterweaponn":9,"stat.useItem.chiselsandbits.chiseled_rock":1,"stat.useItem.minecraft.stained_glass_pane":2,"stat.flyOneCm":356073,"stat.deaths":1,"stat.drop":2,"stat.jump":869,"stat.playOneMinute":58015,"stat.fallOneCm":1397,"stat.useItem.minecraft.ladder":1,"stat.sneakTime":9595,"stat.damageDealt":450,"stat.crouchOneCm":27400,"stat.timeSinceDeath":1100,"stat.useItem.backrooms.fredy":1,"stat.sprintOneCm":174988,"stat.useItem.minecraft.stone_slab2":12,"stat.useItem.backrooms.doorclosedup":1,"stat.useItem.backrooms.keylibray":1}