{"stat.useItem.chiselsandbits.chiseled_wood":15,"stat.walkOneCm":281416,"stat.useItem.chiselsandbits.chiseled_clay":6,"stat.useItem.chiselsandbits.chiseled_glass":1,"stat.leaveGame":5,"stat.damageTaken":229,"stat.useItem.slasher.monsterweaponn":1,"stat.pickup.chiselsandbits.chiseled_rock":1,"stat.useItem.chiselsandbits.block_bit":112,"stat.useItem.chiselsandbits.chiseled_cloth":43,"stat.useItem.chiselsandbits.chiseled_rock":257,"stat.pickup.nzpack.skovoroda":1,"stat.flyOneCm":759886,"stat.useItem.chiselsandbits.chiseled_iron":2,"stat.deaths":3,"stat.drop":1,"stat.jump":445,"stat.playOneMinute":198116,"stat.fallOneCm":2148,"stat.drop.nzpack.skovoroda":1,"stat.sneakTime":10304,"stat.shulkerBoxOpened":17,"stat.damageDealt":38,"stat.crouchOneCm":21337,"stat.timeSinceDeath":11077,"stat.sprintOneCm":99920,"stat.useItem.minecraft.stone_slab2":86,"stat.useItem.chiselsandbits.chiseled_sand":3}