{"stat.useItem.chiselsandbits.chiseled_wood":59,"stat.walkOneCm":286739,"stat.pickup.slasher.shotgungun":1,"stat.useItem.chiselsandbits.chiseled_glass":14,"stat.leaveGame":5,"stat.drop.chiselsandbits.chiseled_rock":5,"stat.drop.minecraft.flint_and_steel":1,"stat.useItem.chiselsandbits.block_bit":261,"stat.pickup.slasher.monsterweaponn":2,"stat.talkedToVillager":2,"stat.useItem.minecraft.potion":2,"stat.drop.minecraft.netherrack":64,"stat.jump":446,"stat.fallOneCm":1923,"stat.crouchOneCm":12995,"stat.sprintOneCm":211480,"stat.useItem.chiselsandbits.chiseled_sand":2,"stat.useItem.minecraft.stone_slab2":121,"stat.drop.slasher.monsterweaponn":1,"stat.drop.slasher.shotgungun":1,"stat.useItem.minecraft.netherrack":4,"stat.drop.minecraft.potion":1,"stat.drop.slasher.ammoitem":61,"stat.useItem.chiselsandbits.chiseled_clay":2,"stat.drop.slasher.petarditem":1,"stat.pickup.minecraft.potion":1,"stat.useItem.minecraft.flint_and_steel":4,"stat.damageTaken":356,"stat.useItem.slasher.monsterweaponn":8,"stat.pickup.chiselsandbits.chiseled_rock":16,"stat.useItem.chiselsandbits.chiseled_cloth":7,"stat.mobKills":5,"stat.useItem.chiselsandbits.chiseled_rock":273,"stat.flyOneCm":324367,"stat.deaths":1,"stat.drop":12,"stat.playOneMinute":101892,"stat.sneakTime":4158,"stat.killEntity.Villager":2,"stat.damageDealt":419,"stat.timeSinceDeath":73821,"stat.useItem.minecraft.spawn_egg":6,"stat.killEntity.Pig":3}