{
    "Hide": 1b,
    "Fov": 70.0f,
    "Morphs": [
        {
            "Expire": 0,
            "Ortho": 0b,
            "Morph": {
                "List": [
                    {
                        "Random": 0.0f,
                        "SetDuration": 0b,
                        "Morph": {
                            "Texture": "b.a:hud/camera.png",
                            "Name": "blockbuster.image"
                        },
                        "Duration": 10.0f
                    },
                    {
                        "Random": 0.0f,
                        "SetDuration": 0b,
                        "Morph": {
                            "Pose": {
                                "S": [
                                    0.95f,
                                    0.95f,
                                    0.95f
                                ]
                            },
                            "Texture": "b.a:hud/camera.png",
                            "Name": "blockbuster.image"
                        },
                        "Duration": 10.0f
                    }
                ],
                "Name": "sequencer"
            },
            "OrthoY": 0.0f,
            "Scale": [
                5.0f,
                5.75f,
                2.0f
            ],
            "OrthoX": 0.0f,
            "Translate": [
                0.03125f,
                1.03125f,
                0.0f
            ]
        }
    ]
}