{
    "Hide": 0b,
    "Fov": 70.0f,
    "Morphs": [
        {
            "Expire": 0,
            "Ortho": 0b,
            "Morph": {
                "Pose": {
                    "P": [
                        0.0f,
                        0.90625f,
                        0.0f
                    ],
                    "S": [
                        3.0f,
                        3.0f,
                        3.0f
                    ]
                },
                "Texture": "b.a:hud/Hud.png",
                "Name": "blockbuster.image"
            },
            "OrthoY": 0.0f,
            "Scale": [
                1.2f,
                1.2f,
                1.2f
            ],
            "OrthoX": 0.0f,
            "Translate": [
                0.0f,
                -0.40625f,
                0.0f
            ]
        }
    ]
}