{
    "Hide": 0b,
    "Fov": 70.0f,
    "Morphs": [
        {
            "Expire": 0,
            "Ortho": 0b,
            "Morph": {
                "Skin": "c.s:j159b/skins/texture.png",
                "Name": "chameleon.j159b"
            },
            "OrthoY": 0.0f,
            "OrthoX": 0.0f,
            "Translate": [
                -0.03125f,
                -0.84375f,
                0.65625f
            ]
        },
        {
            "Expire": 0,
            "Ortho": 0b,
            "Morph": {
                "Background": -2113929216,
                "Label": ".",
                "ShadowY": 1.1f,
                "Name": "label",
                "Offset": 462.0f
            },
            "OrthoY": 0.0f,
            "OrthoX": 0.0f,
            "Translate": [
                -0.125f,
                0.0f,
                0.0f
            ]
        }
    ]
}