{
    "Hide": 0b,
    "Fov": 70.0f,
    "Morphs": [
        {
            "Expire": 0,
            "Ortho": 0b,
            "Morph": {
                "Background": -1610612736,
                "Lighting": 0b,
                "Label": "100.",
                "Shadow": 1b,
                "ShadowY": 0.4f,
                "ShadowX": 0.7f,
                "Settings": {
                    "Hands": 1b
                },
                "Name": "label",
                "Offset": 200.0f
            },
            "OrthoY": 0.0f,
            "OrthoX": 0.0f,
            "Translate": [
                -0.03125f,
                -0.09375f,
                -1.34375f
            ]
        },
        {
            "Expire": 0,
            "Ortho": 0b,
            "Morph": {
                "Texture": "b.a:hud/Hud_Jorge_Alen.png",
                "Name": "blockbuster.image"
            },
            "OrthoY": 0.0f,
            "Scale": [
                3.0f,
                3.0f,
                3.0f
            ],
            "OrthoX": 0.0f,
            "Translate": [
                0.0f,
                1.0625f,
                -1.28125f
            ]
        }
    ]
}