{
    "Hide": 0b,
    "Fov": 70.0f,
    "Morphs": [
        {
            "Expire": 0,
            "Ortho": 0b,
            "Morph": {
                "Background": -1610612736,
                "Lighting": 0b,
                "Label": "100.",
                "Shadow": 1b,
                "ShadowY": 0.4f,
                "ShadowX": 0.7f,
                "Settings": {
                    "Hands": 1b
                },
                "Name": "label",
                "Offset": 200.0f
            },
            "OrthoY": 0.0f,
            "OrthoX": 0.0f,
            "Translate": [
                0.03125f,
                -0.03125f,
                -1.34375f
            ]
        },
        {
            "Expire": 0,
            "Rotate": [
                90.0f,
                -360.0f,
                180.0f
            ],
            "Ortho": 0b,
            "Morph": {
                "Materials": {
                    "m_0": "b.a:note/skins/note.png"
                },
                "Skin": "b.a:note/skins/note.png",
                "Settings": {
                    "Hands": 1b
                },
                "Name": "blockbuster.note"
            },
            "OrthoY": 0.0f,
            "Scale": [
                5.0f,
                5.0f,
                5.0f
            ],
            "OrthoX": 0.0f,
            "Translate": [
                -0.125f,
                1.4375f,
                1.125f
            ]
        }
    ]
}