{
	"format_version": "1.8.0",
	"animations": {
		"idle": {
			"animation_length": 40.08333,
			"bones": {
				"bone": {
					"position": {
						"vector": [0, 0, 0]
					}
				},
				"bone3": {
					"position": {
						"0.0": {
							"vector": [0, 0, 0]
						},
						"0.0417": {
							"vector": [0, 0, 0]
						},
						"0.0833": {
							"vector": [0, 0, 0]
						},
						"0.125": {
							"vector": [-1, 0, 0]
						},
						"0.1667": {
							"vector": [-2, 0, 0]
						},
						"0.2083": {
							"vector": [-3, 0, 0]
						},
						"0.25": {
							"vector": [-4, 0, 0]
						},
						"0.2917": {
							"vector": [-5, 0, 0]
						},
						"0.3333": {
							"vector": [-6, 0, 0]
						},
						"0.375": {
							"vector": [-7, 0, 0]
						},
						"0.4167": {
							"vector": [-8, 0, 0]
						},
						"0.4583": {
							"vector": [-9, 0, 0]
						},
						"0.5": {
							"vector": [-10, 0, 0]
						},
						"0.5417": {
							"vector": [-11, 0, 0]
						},
						"0.5833": {
							"vector": [-12, 0, 0]
						},
						"0.625": {
							"vector": [-13, 0, 0]
						},
						"0.6667": {
							"vector": [-14, 0, 0]
						},
						"0.7083": {
							"vector": [-15, 0, 0]
						}
					}
				},
				"bone2": {
					"position": {
						"0.0": {
							"vector": [0, 0, 0]
						},
						"0.0417": {
							"vector": [0, 0, 0]
						},
						"0.0833": {
							"vector": [0, 0, 0]
						},
						"0.125": {
							"vector": [1, 0, 0]
						},
						"0.1667": {
							"vector": [2, 0, 0]
						},
						"0.2083": {
							"vector": [3, 0, 0]
						},
						"0.25": {
							"vector": [4, 0, 0]
						},
						"0.2917": {
							"vector": [5, 0, 0]
						},
						"0.3333": {
							"vector": [6, 0, 0]
						},
						"0.375": {
							"vector": [7, 0, 0]
						},
						"0.4167": {
							"vector": [8, 0, 0]
						},
						"0.4583": {
							"vector": [9, 0, 0]
						},
						"0.5": {
							"vector": [10, 0, 0]
						},
						"0.5417": {
							"vector": [11, 0, 0]
						},
						"0.5833": {
							"vector": [12, 0, 0]
						},
						"0.625": {
							"vector": [13, 0, 0]
						},
						"0.6667": {
							"vector": [14, 0, 0]
						},
						"0.7083": {
							"vector": [15, 0, 0]
						}
					}
				}
			}
		}
	},
	"geckolib_format_version": 2
}